,date_Free CF,Free CF,date_PE ratio,PE ratio,date_Volume,Volume,date_Outstanding Shares,Outstanding Shares,date_EPS,EPS,date_Market Cap,Market Cap,date_Dividend,Dividend,date_Revenue,Revenue,date_Earnings,Earnings
0,2017-03-31,387.782,2017-03-31,,2017-03-31,,2017-03-31,,2017-03-31,-0.4,2017-03-31,,2017-03-31,0.0,2017-03-31,37.019,2017-03-31,-215.363
1,2017-04-07,387.782,2017-04-07,,2017-04-07,,2017-04-07,,2017-04-07,-0.4,2017-04-07,,2017-04-07,0.0,2017-04-07,37.019,2017-04-07,-215.363
2,2017-04-14,387.782,2017-04-14,,2017-04-14,,2017-04-14,,2017-04-14,-0.4,2017-04-14,,2017-04-14,0.0,2017-04-14,37.019,2017-04-14,-215.363
3,2017-04-21,387.782,2017-04-21,,2017-04-21,,2017-04-21,,2017-04-21,-0.4,2017-04-21,,2017-04-21,0.0,2017-04-21,37.019,2017-04-21,-215.363
4,2017-04-28,387.782,2017-04-28,,2017-04-28,,2017-04-28,,2017-04-28,-0.4,2017-04-28,,2017-04-28,0.0,2017-04-28,37.019,2017-04-28,-215.363
5,2017-05-05,387.782,2017-05-05,,2017-05-05,,2017-05-05,,2017-05-05,-0.4,2017-05-05,,2017-05-05,0.0,2017-05-05,37.019,2017-05-05,-215.363
6,2017-05-12,387.782,2017-05-12,,2017-05-12,,2017-05-12,,2017-05-12,-0.4,2017-05-12,,2017-05-12,0.0,2017-05-12,37.019,2017-05-12,-215.363
7,2017-05-19,387.782,2017-05-19,,2017-05-19,,2017-05-19,,2017-05-19,-0.4,2017-05-19,,2017-05-19,0.0,2017-05-19,37.019,2017-05-19,-215.363
8,2017-05-26,387.782,2017-05-26,,2017-05-26,,2017-05-26,,2017-05-26,-0.4,2017-05-26,,2017-05-26,0.0,2017-05-26,37.019,2017-05-26,-215.363
9,2017-06-02,387.782,2017-06-02,,2017-06-02,,2017-06-02,,2017-06-02,-0.4,2017-06-02,,2017-06-02,0.0,2017-06-02,37.019,2017-06-02,-215.363
10,2017-06-09,387.782,2017-06-09,,2017-06-09,,2017-06-09,,2017-06-09,-0.4,2017-06-09,,2017-06-09,0.0,2017-06-09,37.019,2017-06-09,-215.363
11,2017-06-16,387.782,2017-06-16,,2017-06-16,,2017-06-16,,2017-06-16,-0.4,2017-06-16,,2017-06-16,0.0,2017-06-16,37.019,2017-06-16,-215.363
12,2017-06-23,387.782,2017-06-23,,2017-06-23,,2017-06-23,,2017-06-23,-0.4,2017-06-23,,2017-06-23,0.0,2017-06-23,37.019,2017-06-23,-215.363
13,2017-06-30,1283.568,2017-06-30,,2017-06-30,,2017-06-30,,2017-06-30,-0.24,2017-06-30,,2017-06-30,0.0,2017-06-30,104.617,2017-06-30,-215.363
14,2017-07-07,1283.568,2017-07-07,,2017-07-07,,2017-07-07,,2017-07-07,-0.24,2017-07-07,,2017-07-07,0.0,2017-07-07,104.617,2017-07-07,-215.363
15,2017-07-14,1283.568,2017-07-14,,2017-07-14,,2017-07-14,,2017-07-14,-0.24,2017-07-14,,2017-07-14,0.0,2017-07-14,104.617,2017-07-14,-215.363
16,2017-07-21,1283.568,2017-07-21,,2017-07-21,,2017-07-21,,2017-07-21,-0.24,2017-07-21,,2017-07-21,0.0,2017-07-21,104.617,2017-07-21,-215.363
17,2017-07-28,1283.568,2017-07-28,,2017-07-28,,2017-07-28,,2017-07-28,-0.24,2017-07-28,,2017-07-28,0.0,2017-07-28,104.617,2017-07-28,-215.363
18,2017-08-04,1283.568,2017-08-04,,2017-08-04,,2017-08-04,,2017-08-04,-0.24,2017-08-04,,2017-08-04,0.0,2017-08-04,104.617,2017-08-04,-215.363
19,2017-08-11,1283.568,2017-08-11,,2017-08-11,,2017-08-11,,2017-08-11,-0.24,2017-08-11,,2017-08-11,0.0,2017-08-11,104.617,2017-08-11,-215.363
20,2017-08-18,1283.568,2017-08-18,,2017-08-18,,2017-08-18,,2017-08-18,-0.24,2017-08-18,,2017-08-18,0.0,2017-08-18,104.617,2017-08-18,-215.363
21,2017-08-25,1283.568,2017-08-25,,2017-08-25,,2017-08-25,,2017-08-25,-0.24,2017-08-25,,2017-08-25,0.0,2017-08-25,104.617,2017-08-25,-215.363
22,2017-09-01,1283.568,2017-09-01,,2017-09-01,,2017-09-01,,2017-09-01,-0.24,2017-09-01,,2017-09-01,0.0,2017-09-01,104.617,2017-09-01,-215.363
23,2017-09-08,1283.568,2017-09-08,,2017-09-08,,2017-09-08,,2017-09-08,-0.24,2017-09-08,,2017-09-08,0.0,2017-09-08,104.617,2017-09-08,-215.363
24,2017-09-15,1283.568,2017-09-15,,2017-09-15,,2017-09-15,,2017-09-15,-0.24,2017-09-15,,2017-09-15,0.0,2017-09-15,104.617,2017-09-15,-215.363
25,2017-09-22,1283.568,2017-09-22,,2017-09-22,,2017-09-22,,2017-09-22,-0.24,2017-09-22,,2017-09-22,0.0,2017-09-22,104.617,2017-09-22,-215.363
26,2017-09-29,-682.119,2017-09-29,,2017-09-29,,2017-09-29,,2017-09-29,-0.52,2017-09-29,,2017-09-29,0.0,2017-09-29,423.038,2017-09-29,-215.363
27,2017-10-06,-682.119,2017-10-06,,2017-10-06,,2017-10-06,,2017-10-06,-0.52,2017-10-06,,2017-10-06,0.0,2017-10-06,423.038,2017-10-06,-215.363
28,2017-10-13,-682.119,2017-10-13,,2017-10-13,,2017-10-13,,2017-10-13,-0.52,2017-10-13,,2017-10-13,0.0,2017-10-13,423.038,2017-10-13,-215.363
29,2017-10-20,-682.119,2017-10-20,,2017-10-20,,2017-10-20,,2017-10-20,-0.52,2017-10-20,,2017-10-20,0.0,2017-10-20,423.038,2017-10-20,-215.363
30,2017-10-27,-682.119,2017-10-27,,2017-10-27,,2017-10-27,,2017-10-27,-0.52,2017-10-27,,2017-10-27,0.0,2017-10-27,423.038,2017-10-27,-215.363
31,2017-11-03,-682.119,2017-11-03,,2017-11-03,,2017-11-03,,2017-11-03,-0.52,2017-11-03,,2017-11-03,0.0,2017-11-03,423.038,2017-11-03,-215.363
32,2017-11-10,-682.119,2017-11-10,,2017-11-10,,2017-11-10,,2017-11-10,-0.52,2017-11-10,,2017-11-10,0.0,2017-11-10,423.038,2017-11-10,-215.363
33,2017-11-17,-682.119,2017-11-17,,2017-11-17,,2017-11-17,,2017-11-17,-0.52,2017-11-17,,2017-11-17,0.0,2017-11-17,423.038,2017-11-17,-215.363
34,2017-11-24,-682.119,2017-11-24,,2017-11-24,,2017-11-24,,2017-11-24,-0.52,2017-11-24,,2017-11-24,0.0,2017-11-24,423.038,2017-11-24,-215.363
35,2017-12-01,-682.119,2017-12-01,,2017-12-01,,2017-12-01,,2017-12-01,-0.52,2017-12-01,,2017-12-01,0.0,2017-12-01,423.038,2017-12-01,-215.363
36,2017-12-08,-682.119,2017-12-08,,2017-12-08,,2017-12-08,,2017-12-08,-0.52,2017-12-08,,2017-12-08,0.0,2017-12-08,423.038,2017-12-08,-215.363
37,2017-12-15,-682.119,2017-12-15,,2017-12-15,,2017-12-15,,2017-12-15,-0.52,2017-12-15,,2017-12-15,0.0,2017-12-15,423.038,2017-12-15,-215.363
38,2017-12-22,-682.119,2017-12-22,,2017-12-22,,2017-12-22,,2017-12-22,-0.52,2017-12-22,,2017-12-22,0.0,2017-12-22,423.038,2017-12-22,-215.363
39,2017-12-29,9620.608,2017-12-29,,2017-12-29,,2017-12-29,,2017-12-29,0.0309,2017-12-29,,2017-12-29,0.0,2017-12-29,1179.402,2017-12-29,-20.985
40,2018-01-05,9620.608,2018-01-05,,2018-01-05,,2018-01-05,,2018-01-05,0.0309,2018-01-05,,2018-01-05,0.0,2018-01-05,1179.402,2018-01-05,-20.985
41,2018-01-12,9620.608,2018-01-12,,2018-01-12,,2018-01-12,,2018-01-12,0.0309,2018-01-12,,2018-01-12,0.0,2018-01-12,1179.402,2018-01-12,-20.985
42,2018-01-19,9620.608,2018-01-19,,2018-01-19,,2018-01-19,,2018-01-19,0.0309,2018-01-19,,2018-01-19,0.0,2018-01-19,1179.402,2018-01-19,-20.985
43,2018-01-26,9620.608,2018-01-26,,2018-01-26,,2018-01-26,,2018-01-26,0.0309,2018-01-26,,2018-01-26,0.0,2018-01-26,1179.402,2018-01-26,-20.985
44,2018-02-02,9620.608,2018-02-02,,2018-02-02,,2018-02-02,,2018-02-02,0.0309,2018-02-02,,2018-02-02,0.0,2018-02-02,1179.402,2018-02-02,-20.985
45,2018-02-09,9620.608,2018-02-09,,2018-02-09,,2018-02-09,,2018-02-09,0.0309,2018-02-09,,2018-02-09,0.0,2018-02-09,1179.402,2018-02-09,-20.985
46,2018-02-16,9620.608,2018-02-16,,2018-02-16,,2018-02-16,,2018-02-16,0.0309,2018-02-16,,2018-02-16,0.0,2018-02-16,1179.402,2018-02-16,-20.985
47,2018-02-23,9620.608,2018-02-23,,2018-02-23,,2018-02-23,,2018-02-23,0.0309,2018-02-23,,2018-02-23,0.0,2018-02-23,1179.402,2018-02-23,-20.985
48,2018-03-02,9620.608,2018-03-02,,2018-03-02,,2018-03-02,,2018-03-02,0.0309,2018-03-02,,2018-03-02,0.0,2018-03-02,1179.402,2018-03-02,-20.985
49,2018-03-09,9620.608,2018-03-09,,2018-03-09,,2018-03-09,,2018-03-09,0.0309,2018-03-09,,2018-03-09,0.0,2018-03-09,1179.402,2018-03-09,-20.985
50,2018-03-16,9620.608,2018-03-16,,2018-03-16,,2018-03-16,,2018-03-16,0.0309,2018-03-16,,2018-03-16,0.0,2018-03-16,1179.402,2018-03-16,-20.985
51,2018-03-23,9620.608,2018-03-23,,2018-03-23,,2018-03-23,,2018-03-23,0.0309,2018-03-23,,2018-03-23,0.0,2018-03-23,1179.402,2018-03-23,-20.985
52,2018-03-30,627.368,2018-03-30,,2018-03-30,,2018-03-30,,2018-03-30,-0.64,2018-03-30,,2018-03-30,0.0,2018-03-30,1384.604,2018-03-30,-211.431
53,2018-04-06,627.368,2018-04-06,,2018-04-06,,2018-04-06,,2018-04-06,-0.64,2018-04-06,,2018-04-06,0.0,2018-04-06,1384.604,2018-04-06,-211.431
54,2018-04-13,627.368,2018-04-13,,2018-04-13,,2018-04-13,,2018-04-13,-0.64,2018-04-13,,2018-04-13,0.0,2018-04-13,1384.604,2018-04-13,-211.431
55,2018-04-20,627.368,2018-04-20,,2018-04-20,,2018-04-20,,2018-04-20,-0.64,2018-04-20,,2018-04-20,0.0,2018-04-20,1384.604,2018-04-20,-211.431
56,2018-04-27,627.368,2018-04-27,,2018-04-27,,2018-04-27,,2018-04-27,-0.64,2018-04-27,,2018-04-27,0.0,2018-04-27,1384.604,2018-04-27,-211.431
57,2018-05-04,627.368,2018-05-04,,2018-05-04,,2018-05-04,,2018-05-04,-0.64,2018-05-04,,2018-05-04,0.0,2018-05-04,1384.604,2018-05-04,-211.431
58,2018-05-11,627.368,2018-05-11,,2018-05-11,,2018-05-11,,2018-05-11,-0.64,2018-05-11,,2018-05-11,0.0,2018-05-11,1384.604,2018-05-11,-211.431
59,2018-05-18,627.368,2018-05-18,,2018-05-18,,2018-05-18,,2018-05-18,-0.64,2018-05-18,,2018-05-18,0.0,2018-05-18,1384.604,2018-05-18,-211.431
60,2018-05-25,627.368,2018-05-25,,2018-05-25,,2018-05-25,,2018-05-25,-0.64,2018-05-25,,2018-05-25,0.0,2018-05-25,1384.604,2018-05-25,-211.431
61,2018-06-01,627.368,2018-06-01,,2018-06-01,,2018-06-01,,2018-06-01,-0.64,2018-06-01,,2018-06-01,0.0,2018-06-01,1384.604,2018-06-01,-211.431
62,2018-06-08,627.368,2018-06-08,,2018-06-08,,2018-06-08,,2018-06-08,-0.64,2018-06-08,,2018-06-08,0.0,2018-06-08,1384.604,2018-06-08,-211.431
63,2018-06-15,627.368,2018-06-15,,2018-06-15,,2018-06-15,,2018-06-15,-0.64,2018-06-15,,2018-06-15,0.0,2018-06-15,1384.604,2018-06-15,-211.431
64,2018-06-22,627.368,2018-06-22,,2018-06-22,,2018-06-22,,2018-06-22,-0.64,2018-06-22,,2018-06-22,0.0,2018-06-22,1384.604,2018-06-22,-211.431
65,2018-06-29,360.904,2018-06-29,,2018-06-29,,2018-06-29,,2018-06-29,-13.4,2018-06-29,,2018-06-29,0.0,2018-06-29,2709.046,2018-06-29,-211.431
66,2018-07-06,360.904,2018-07-06,,2018-07-06,,2018-07-06,,2018-07-06,-13.4,2018-07-06,,2018-07-06,0.0,2018-07-06,2709.046,2018-07-06,-211.431
67,2018-07-13,360.904,2018-07-13,,2018-07-13,,2018-07-13,,2018-07-13,-13.4,2018-07-13,,2018-07-13,0.0,2018-07-13,2709.046,2018-07-13,-211.431
68,2018-07-20,360.904,2018-07-20,,2018-07-20,,2018-07-20,,2018-07-20,-13.4,2018-07-20,,2018-07-20,0.0,2018-07-20,2709.046,2018-07-20,-211.431
69,2018-07-27,360.904,2018-07-27,,2018-07-27,63143703.0,2018-07-27,589.17442,2018-07-27,-13.4,2018-07-27,27251.5441,2018-07-27,0.0,2018-07-27,2709.046,2018-07-27,-211.431
70,2018-08-03,360.904,2018-08-03,,2018-08-03,63281222.0,2018-08-03,589.17442,2018-08-03,-13.4,2018-08-03,21125.4856,2018-08-03,0.0,2018-08-03,2709.046,2018-08-03,-211.431
71,2018-08-10,360.904,2018-08-10,,2018-08-10,27045445.0,2018-08-10,589.17442,2018-08-10,-13.4,2018-08-10,21612.9116,2018-08-10,0.0,2018-08-10,2709.046,2018-08-10,-211.431
72,2018-08-17,360.904,2018-08-17,,2018-08-17,30643229.0,2018-08-17,589.17442,2018-08-17,-13.4,2018-08-17,21047.9406,2018-08-17,0.0,2018-08-17,2709.046,2018-08-17,-211.431
73,2018-08-24,360.904,2018-08-24,,2018-08-24,23884780.0,2018-08-24,589.17442,2018-08-24,-13.4,2018-08-24,19076.0809,2018-08-24,0.0,2018-08-24,2709.046,2018-08-24,-211.431
74,2018-08-31,360.904,2018-08-31,,2018-08-31,35281220.0,2018-08-31,589.17442,2018-08-31,-13.4,2018-08-31,21435.6658,2018-08-31,0.0,2018-08-31,2709.046,2018-08-31,-211.431
75,2018-09-07,360.904,2018-09-07,,2018-09-07,24835361.0,2018-09-07,589.17442,2018-09-07,-13.4,2018-09-07,21679.3788,2018-09-07,0.0,2018-09-07,2709.046,2018-09-07,-211.431
76,2018-09-14,360.904,2018-09-14,,2018-09-14,56350399.0,2018-09-14,589.17442,2018-09-14,-13.4,2018-09-14,29179.0923,2018-09-14,0.0,2018-09-14,2709.046,2018-09-14,-211.431
77,2018-09-21,360.904,2018-09-21,,2018-09-21,30031735.0,2018-09-21,589.17442,2018-09-21,-13.4,2018-09-21,28359.3304,2018-09-21,0.0,2018-09-21,2709.046,2018-09-21,-211.431
78,2018-09-28,249.742,2018-09-28,,2018-09-28,18762154.0,2018-09-28,589.17442,2018-09-28,-1.2,2018-09-28,29123.703,2018-09-28,0.0,2018-09-28,3372.418,2018-09-28,-211.431
79,2018-10-05,249.742,2018-10-05,,2018-10-05,27648027.0,2018-10-05,589.17442,2018-10-05,-1.2,2018-10-05,24127.5866,2018-10-05,0.0,2018-10-05,3372.418,2018-10-05,-211.431
80,2018-10-12,249.742,2018-10-12,,2018-10-12,27583147.0,2018-10-12,589.17442,2018-10-12,-1.2,2018-10-12,23950.3408,2018-10-12,0.0,2018-10-12,3372.418,2018-10-12,-211.431
81,2018-10-19,249.742,2018-10-19,,2018-10-19,22061380.0,2018-10-19,589.17442,2018-10-19,-1.2,2018-10-19,20693.4489,2018-10-19,0.0,2018-10-19,3372.418,2018-10-19,-211.431
82,2018-10-26,249.742,2018-10-26,,2018-10-26,33230709.0,2018-10-26,589.17442,2018-10-26,-1.2,2018-10-26,20161.7115,2018-10-26,0.0,2018-10-26,3372.418,2018-10-26,-211.431
83,2018-11-02,249.742,2018-11-02,,2018-11-02,39035438.0,2018-11-02,589.17442,2018-11-02,-1.2,2018-11-02,22565.6078,2018-11-02,0.0,2018-11-02,3372.418,2018-11-02,-211.431
84,2018-11-09,249.742,2018-11-09,,2018-11-09,19489484.0,2018-11-09,589.17442,2018-11-09,-1.2,2018-11-09,20283.568,2018-11-09,0.0,2018-11-09,3372.418,2018-11-09,-211.431
85,2018-11-16,249.742,2018-11-16,,2018-11-16,53215185.0,2018-11-16,589.17442,2018-11-16,-1.2,2018-11-16,23075.1896,2018-11-16,0.0,2018-11-16,3372.418,2018-11-16,-211.431
86,2018-11-23,249.742,2018-11-23,,2018-11-23,39166327.0,2018-11-23,589.17442,2018-11-23,-1.2,2018-11-23,24925.1928,2018-11-23,0.0,2018-11-23,3372.418,2018-11-23,-211.431
87,2018-11-30,249.742,2018-11-30,,2018-11-30,21740494.0,2018-11-30,589.17442,2018-11-30,-1.2,2018-11-30,25434.7745,2018-11-30,0.0,2018-11-30,3372.418,2018-11-30,-211.431
88,2018-12-07,249.742,2018-12-07,,2018-12-07,20080258.0,2018-12-07,589.17442,2018-12-07,-1.2,2018-12-07,22831.4766,2018-12-07,0.0,2018-12-07,3372.418,2018-12-07,-211.431
89,2018-12-14,249.742,2018-12-14,,2018-12-14,19807236.0,2018-12-14,589.17442,2018-12-14,-1.2,2018-12-14,25589.8646,2018-12-14,0.0,2018-12-14,3372.418,2018-12-14,-211.431
90,2018-12-21,249.742,2018-12-21,,2018-12-21,16577704.0,2018-12-21,589.17442,2018-12-21,-1.2,2018-12-21,23407.5255,2018-12-21,0.0,2018-12-21,3372.418,2018-12-21,-211.431
91,2018-12-28,249.742,2018-12-28,,2018-12-28,7042399.0,2018-12-28,589.17442,2018-12-28,-1.2,2018-12-28,24437.7668,2018-12-28,0.0,2018-12-28,3372.418,2018-12-28,-211.431
92,2019-01-04,5732.397,2019-01-04,,2019-01-04,11254119.0,2019-01-04,589.17442,2019-01-04,-2.16,2019-01-04,25135.6722,2019-01-04,0.0,2019-01-04,5653.922,2019-01-04,-211.431
93,2019-01-11,5732.397,2019-01-11,,2019-01-11,21214119.0,2019-01-11,589.17442,2019-01-11,-2.16,2019-01-11,28979.6908,2019-01-11,0.0,2019-01-11,5653.922,2019-01-11,-211.431
94,2019-01-18,5732.397,2019-01-18,,2019-01-18,24865768.0,2019-01-18,589.17442,2019-01-18,-2.16,2019-01-18,27683.5808,2019-01-18,0.0,2019-01-18,5653.922,2019-01-18,-211.431
95,2019-01-25,5732.397,2019-01-25,,2019-01-25,29300631.0,2019-01-25,595.31025,2019-01-25,-2.16,2019-01-25,32860.7041,2019-01-25,0.0,2019-01-25,5653.922,2019-01-25,-211.431
96,2019-02-01,5732.397,2019-02-01,,2019-02-01,22882285.0,2019-02-01,595.31025,2019-02-01,-2.16,2019-02-01,32259.1861,2019-02-01,0.0,2019-02-01,5653.922,2019-02-01,-211.431
97,2019-02-08,5732.397,2019-02-08,,2019-02-08,56853494.0,2019-02-08,635.49525,2019-02-08,-2.16,2019-02-08,29949.0811,2019-02-08,0.0,2019-02-08,5653.922,2019-02-08,-211.431
98,2019-02-15,5732.397,2019-02-15,,2019-02-15,38839541.0,2019-02-15,643.74525,2019-02-15,-2.16,2019-02-15,31988.0694,2019-02-15,0.0,2019-02-15,5653.922,2019-02-15,-211.431
99,2019-02-22,5732.397,2019-02-22,,2019-02-22,28583847.0,2019-02-22,643.74525,2019-02-22,-2.16,2019-02-22,34150.0537,2019-02-22,0.0,2019-02-22,5653.922,2019-02-22,-211.431
100,2019-03-01,5732.397,2019-03-01,,2019-03-01,56136245.0,2019-03-01,643.74525,2019-03-01,-2.16,2019-03-01,34859.0916,2019-03-01,0.0,2019-03-01,5653.922,2019-03-01,-211.431
101,2019-03-08,5732.397,2019-03-08,,2019-03-08,29063674.0,2019-03-08,643.74525,2019-03-08,-2.16,2019-03-08,33080.6851,2019-03-08,0.0,2019-03-08,5653.922,2019-03-08,-211.431
102,2019-03-15,5732.397,2019-03-15,,2019-03-15,105986772.0,2019-03-15,643.74525,2019-03-15,-2.16,2019-03-15,28500.9979,2019-03-15,0.0,2019-03-15,5653.922,2019-03-15,-211.431
103,2019-03-22,5732.397,2019-03-22,,2019-03-22,52898988.0,2019-03-22,643.74525,2019-03-22,-2.16,2019-03-22,27315.3935,2019-03-22,0.0,2019-03-22,5653.922,2019-03-22,-211.431
104,2019-03-29,-1543.251,2019-03-29,,2019-03-29,31474820.0,2019-03-29,643.74525,2019-03-29,-1.64,2019-03-29,28826.4579,2019-03-29,0.0,2019-03-29,4545.204,2019-03-29,-211.431
105,2019-04-05,-1543.251,2019-04-05,,2019-04-05,57538562.0,2019-04-05,643.74525,2019-04-05,-1.64,2019-04-05,25106.9149,2019-04-05,0.0,2019-04-05,4545.204,2019-04-05,-211.431
106,2019-04-12,-1543.251,2019-04-12,,2019-04-12,35885065.0,2019-04-12,643.74525,2019-04-12,-1.64,2019-04-12,25211.5271,2019-04-12,0.0,2019-04-12,4545.204,2019-04-12,-211.431
107,2019-04-19,-1543.251,2019-04-19,,2019-04-19,25219031.0,2019-04-19,643.74525,2019-04-19,-1.64,2019-04-19,27373.5114,2019-04-19,0.0,2019-04-19,4545.204,2019-04-19,-211.431
108,2019-04-26,-1543.251,2019-04-26,,2019-04-26,38769774.0,2019-04-26,643.74525,2019-04-26,-1.64,2019-04-26,25478.8692,2019-04-26,0.0,2019-04-26,4545.204,2019-04-26,-211.431
109,2019-05-03,-1543.251,2019-05-03,,2019-05-03,25813987.0,2019-05-03,643.74525,2019-05-03,-1.64,2019-05-03,27850.0778,2019-05-03,0.0,2019-05-03,4545.204,2019-05-03,-211.431
110,2019-05-10,-1543.251,2019-05-10,,2019-05-10,32241248.0,2019-05-10,643.74525,2019-05-10,-1.64,2019-05-10,26036.8007,2019-05-10,0.0,2019-05-10,4545.204,2019-05-10,-211.431
111,2019-05-17,-1543.251,2019-05-17,,2019-05-17,48386731.0,2019-05-17,643.74525,2019-05-17,-1.64,2019-05-17,26385.5078,2019-05-17,0.0,2019-05-17,4545.204,2019-05-17,-211.431
112,2019-05-24,-1543.251,2019-05-24,,2019-05-24,57457844.0,2019-05-24,643.74525,2019-05-24,-1.64,2019-05-24,23572.6034,2019-05-24,0.0,2019-05-24,4545.204,2019-05-24,-211.431
113,2019-05-31,-1543.251,2019-05-31,,2019-05-31,22911172.0,2019-05-31,643.74525,2019-05-31,-1.64,2019-05-31,22572.9763,2019-05-31,0.0,2019-05-31,4545.204,2019-05-31,-211.431
114,2019-06-07,-1543.251,2019-06-07,,2019-06-07,23930540.0,2019-06-07,643.74525,2019-06-07,-1.64,2019-06-07,22991.4249,2019-06-07,0.0,2019-06-07,4545.204,2019-06-07,-211.431
115,2019-06-14,-1543.251,2019-06-14,,2019-06-14,20146406.0,2019-06-14,643.74525,2019-06-14,-1.64,2019-06-14,23839.9456,2019-06-14,0.0,2019-06-14,4545.204,2019-06-14,-211.431
116,2019-06-21,-1543.251,2019-06-21,,2019-06-21,27676200.0,2019-06-21,643.74525,2019-06-21,-1.64,2019-06-21,24467.6185,2019-06-21,0.0,2019-06-21,4545.204,2019-06-21,-211.431
117,2019-06-28,4147.982,2019-06-28,,2019-06-28,22382316.0,2019-06-28,643.74525,2019-06-28,-0.88,2019-06-28,23979.4285,2019-06-28,0.0,2019-06-28,7290.008,2019-06-28,-211.431
118,2019-07-05,4147.982,2019-07-05,,2019-07-05,21769888.0,2019-07-05,643.74525,2019-07-05,-0.88,2019-07-05,23584.227,2019-07-05,0.0,2019-07-05,7290.008,2019-07-05,-211.431
119,2019-07-12,4147.982,2019-07-12,,2019-07-12,32102213.0,2019-07-12,643.74525,2019-07-12,-0.88,2019-07-12,22247.5163,2019-07-12,0.0,2019-07-12,7290.008,2019-07-12,-211.431
120,2019-07-19,4147.982,2019-07-19,,2019-07-19,27300467.0,2019-07-19,643.74525,2019-07-19,-0.88,2019-07-19,23305.2613,2019-07-19,0.0,2019-07-19,7290.008,2019-07-19,-211.431
121,2019-07-26,4147.982,2019-07-26,,2019-07-26,22164082.0,2019-07-26,643.74525,2019-07-26,-0.88,2019-07-26,25118.5385,2019-07-26,0.0,2019-07-26,7290.008,2019-07-26,-211.431
122,2019-08-02,4147.982,2019-08-02,,2019-08-02,32904418.0,2019-08-02,643.74525,2019-08-02,-0.88,2019-08-02,26722.5914,2019-08-02,0.0,2019-08-02,7290.008,2019-08-02,-211.431
123,2019-08-09,4147.982,2019-08-09,,2019-08-09,25043653.0,2019-08-09,643.74525,2019-08-09,-0.88,2019-08-09,26269.2721,2019-08-09,0.0,2019-08-09,7290.008,2019-08-09,-211.431
124,2019-08-16,4147.982,2019-08-16,,2019-08-16,30083388.0,2019-08-16,643.74525,2019-08-16,-0.88,2019-08-16,29070.5529,2019-08-16,0.0,2019-08-16,7290.008,2019-08-16,-211.431
125,2019-08-23,4147.982,2019-08-23,,2019-08-23,91966526.0,2019-08-23,643.74525,2019-08-23,-0.88,2019-08-23,34277.913,2019-08-23,0.0,2019-08-23,7290.008,2019-08-23,-211.431
126,2019-08-30,4147.982,2019-08-30,,2019-08-30,49972013.0,2019-08-30,643.74525,2019-08-30,-0.88,2019-08-30,38090.4445,2019-08-30,0.0,2019-08-30,7290.008,2019-08-30,-211.431
127,2019-09-06,4147.982,2019-09-06,,2019-09-06,26380593.0,2019-09-06,643.74525,2019-09-06,-0.88,2019-09-06,40659.2539,2019-09-06,0.0,2019-09-06,7290.008,2019-09-06,-211.431
128,2019-09-13,4147.982,2019-09-13,,2019-09-13,29457477.0,2019-09-13,643.74525,2019-09-13,-0.88,2019-09-13,41728.6225,2019-09-13,0.0,2019-09-13,7290.008,2019-09-13,-211.431
129,2019-09-20,4147.982,2019-09-20,,2019-09-20,31858673.0,2019-09-20,643.74525,2019-09-20,-0.88,2019-09-20,39613.1324,2019-09-20,0.0,2019-09-20,7290.008,2019-09-20,-211.431
130,2019-09-27,4147.982,2019-09-27,,2019-09-27,65398402.0,2019-09-27,643.74525,2019-09-27,-0.88,2019-09-27,36358.5323,2019-09-27,0.0,2019-09-27,7290.008,2019-09-27,-211.431
131,2019-10-04,2618.232,2019-10-04,,2019-10-04,22433537.0,2019-10-04,643.74525,2019-10-04,-2.0,2019-10-04,38764.6117,2019-10-04,0.0,2019-10-04,7513.948,2019-10-04,-211.431
132,2019-10-11,2618.232,2019-10-11,,2019-10-11,23706796.0,2019-10-11,643.74525,2019-10-11,-2.0,2019-10-11,38195.0567,2019-10-11,0.0,2019-10-11,7513.948,2019-10-11,-211.431
133,2019-10-18,2618.232,2019-10-18,,2019-10-18,19981852.0,2019-10-18,643.74525,2019-10-18,-2.0,2019-10-18,38799.4824,2019-10-18,0.0,2019-10-18,7513.948,2019-10-18,-211.431
134,2019-10-25,2618.232,2019-10-25,,2019-10-25,44531009.0,2019-10-25,643.74525,2019-10-25,-2.0,2019-10-25,47470.6669,2019-10-25,0.0,2019-10-25,7513.948,2019-10-25,-211.431
135,2019-11-01,2618.232,2019-11-01,,2019-11-01,30878208.0,2019-11-01,643.74525,2019-11-01,-2.0,2019-11-01,48226.1991,2019-11-01,0.0,2019-11-01,7513.948,2019-11-01,-211.431
136,2019-11-08,2618.232,2019-11-08,,2019-11-08,29629399.0,2019-11-08,643.74525,2019-11-08,-2.0,2019-11-08,50248.7005,2019-11-08,0.0,2019-11-08,7513.948,2019-11-08,-211.431
137,2019-11-15,2618.232,2019-11-15,,2019-11-15,25518245.0,2019-11-15,643.74525,2019-11-15,-2.0,2019-11-15,49702.3927,2019-11-15,0.0,2019-11-15,7513.948,2019-11-15,-211.431
138,2019-11-22,2618.232,2019-11-22,,2019-11-22,106616220.0,2019-11-22,643.74525,2019-11-22,-2.0,2019-11-22,39508.5203,2019-11-22,0.0,2019-11-22,7513.948,2019-11-22,-211.431
139,2019-11-29,2618.232,2019-11-29,,2019-11-29,40185455.0,2019-11-29,643.74525,2019-11-29,-2.0,2019-11-29,41786.7403,2019-11-29,0.0,2019-11-29,7513.948,2019-11-29,-211.431
140,2019-12-06,2618.232,2019-12-06,,2019-12-06,24178710.0,2019-12-06,643.74525,2019-12-06,-2.0,2019-12-06,43611.6411,2019-12-06,0.0,2019-12-06,7513.948,2019-12-06,-211.431
141,2019-12-13,2618.232,2019-12-13,,2019-12-13,20800519.0,2019-12-13,643.74525,2019-12-13,-2.0,2019-12-13,42379.5425,2019-12-13,0.0,2019-12-13,7513.948,2019-12-13,-211.431
142,2019-12-20,2618.232,2019-12-20,,2019-12-20,20656731.0,2019-12-20,643.74525,2019-12-20,-2.0,2019-12-20,43425.6639,2019-12-20,0.0,2019-12-20,7513.948,2019-12-20,-211.431
143,2019-12-27,2618.232,2019-12-27,,2019-12-27,10548228.0,2019-12-27,643.74525,2019-12-27,-2.0,2019-12-27,45610.8954,2019-12-27,0.0,2019-12-27,7513.948,2019-12-27,-211.431
144,2020-01-03,9598.013,2020-01-03,,2020-01-03,19147163.0,2020-01-03,643.74525,2020-01-03,-1.52,2020-01-03,47528.7848,2020-01-03,0.0,2020-01-03,10792.726,2020-01-03,-211.431
145,2020-01-10,9598.013,2020-01-10,,2020-01-10,30236331.0,2020-01-10,643.74525,2020-01-10,-1.52,2020-01-10,44657.7625,2020-01-10,0.0,2020-01-10,10792.726,2020-01-10,-211.431
146,2020-01-17,9598.013,2020-01-17,,2020-01-17,33781261.0,2020-01-17,643.74525,2020-01-17,-1.52,2020-01-17,45831.7433,2020-01-17,0.0,2020-01-17,10792.726,2020-01-17,-211.431
147,2020-01-24,9598.013,2020-01-24,,2020-01-24,20240293.0,2020-01-24,643.74525,2020-01-24,-1.52,2020-01-24,43402.4168,2020-01-24,0.0,2020-01-24,10792.726,2020-01-24,-211.431
148,2020-01-31,9598.013,2020-01-31,,2020-01-31,24615226.0,2020-01-31,643.74525,2020-01-31,-1.52,2020-01-31,40938.2196,2020-01-31,0.0,2020-01-31,10792.726,2020-01-31,-211.431
149,2020-02-07,9598.013,2020-02-07,,2020-02-07,34279168.0,2020-02-07,643.74525,2020-02-07,-1.52,2020-02-07,39845.6039,2020-02-07,0.0,2020-02-07,10792.726,2020-02-07,-211.431
150,2020-02-14,9598.013,2020-02-14,,2020-02-14,35800378.0,2020-02-14,643.74525,2020-02-14,-1.52,2020-02-14,43146.6982,2020-02-14,0.0,2020-02-14,10792.726,2020-02-14,-211.431
151,2020-02-21,9598.013,2020-02-21,,2020-02-21,28076246.0,2020-02-21,643.74525,2020-02-21,-1.52,2020-02-21,40182.6874,2020-02-21,0.0,2020-02-21,10792.726,2020-02-21,-211.431
152,2020-02-28,9598.013,2020-02-28,,2020-02-28,58434687.0,2020-02-28,643.74525,2020-02-28,-1.52,2020-02-28,41589.1396,2020-02-28,0.0,2020-02-28,10792.726,2020-02-28,-211.431
153,2020-03-06,9598.013,2020-03-06,,2020-03-06,36893453.0,2020-03-06,643.74525,2020-03-06,-1.52,2020-03-06,42728.2496,2020-03-06,0.0,2020-03-06,10792.726,2020-03-06,-211.431
154,2020-03-13,9598.013,2020-03-13,,2020-03-13,64942264.0,2020-03-13,643.74525,2020-03-13,-1.52,2020-03-13,39241.1781,2020-03-13,0.0,2020-03-13,10792.726,2020-03-13,-211.431
155,2020-03-20,9598.013,2020-03-20,,2020-03-20,35449475.0,2020-03-20,643.74525,2020-03-20,-1.52,2020-03-20,39020.3303,2020-03-20,0.0,2020-03-20,10792.726,2020-03-20,-211.431
156,2020-03-27,9598.013,2020-03-27,,2020-03-27,37503809.0,2020-03-27,643.74525,2020-03-27,-1.52,2020-03-27,41054.4553,2020-03-27,0.0,2020-03-27,10792.726,2020-03-27,-211.431
157,2020-04-03,-567.07,2020-04-03,,2020-04-03,42043371.0,2020-04-03,643.74525,2020-04-03,-3.56,2020-04-03,42890.9796,2020-04-03,0.0,2020-04-03,6541.059,2020-04-03,-211.431
158,2020-04-10,-567.07,2020-04-10,,2020-04-10,34112799.0,2020-04-10,643.74525,2020-04-10,-3.56,2020-04-10,47703.1383,2020-04-10,0.0,2020-04-10,6541.059,2020-04-10,-211.431
159,2020-04-17,-567.07,2020-04-17,,2020-04-17,34791553.0,2020-04-17,643.74525,2020-04-17,-3.56,2020-04-17,51678.3999,2020-04-17,0.0,2020-04-17,6541.059,2020-04-17,-211.431
160,2020-04-24,-567.07,2020-04-24,,2020-04-24,51520592.0,2020-04-24,643.74525,2020-04-24,-3.56,2020-04-24,57618.045,2020-04-24,0.0,2020-04-24,6541.059,2020-04-24,-211.431
161,2020-05-01,-567.07,2020-05-01,,2020-05-01,26624474.0,2020-05-01,679.01432,2020-05-01,-3.56,2020-05-01,54408.1604,2020-05-01,0.0,2020-05-01,6541.059,2020-05-01,-211.431
162,2020-05-08,-567.07,2020-05-08,,2020-05-08,30137254.0,2020-05-08,679.01432,2020-05-08,-3.56,2020-05-08,65390.3931,2020-05-08,0.0,2020-05-08,6541.059,2020-05-08,-211.431
163,2020-05-15,-567.07,2020-05-15,,2020-05-15,40239700.0,2020-05-15,679.01432,2020-05-15,-3.56,2020-05-15,73414.4889,2020-05-15,0.0,2020-05-15,6541.059,2020-05-15,-211.431
164,2020-05-22,-567.07,2020-05-22,,2020-05-22,67442494.0,2020-05-22,679.01432,2020-05-22,-3.56,2020-05-22,82276.9232,2020-05-22,0.0,2020-05-22,6541.059,2020-05-22,-211.431
165,2020-05-29,-567.07,2020-05-29,,2020-05-29,49084172.0,2020-05-29,679.01432,2020-05-29,-3.56,2020-05-29,80085.2671,2020-05-29,0.0,2020-05-29,6541.059,2020-05-29,-211.431
166,2020-06-05,-567.07,2020-06-05,,2020-06-05,40073699.0,2020-06-05,679.01432,2020-06-05,-3.56,2020-06-05,83474.5494,2020-06-05,0.0,2020-06-05,6541.059,2020-06-05,-211.431
167,2020-06-12,-567.07,2020-06-12,,2020-06-12,35877919.0,2020-06-12,679.01432,2020-06-12,-3.56,2020-06-12,87558.4549,2020-06-12,0.0,2020-06-12,6541.059,2020-06-12,-211.431
168,2020-06-19,-567.07,2020-06-19,,2020-06-19,62813342.0,2020-06-19,679.01432,2020-06-19,-3.56,2020-06-19,104888.1067,2020-06-19,0.0,2020-06-19,6541.059,2020-06-19,-211.431
169,2020-06-26,-567.07,2020-06-26,,2020-06-26,45984077.0,2020-06-26,679.01432,2020-06-26,-3.56,2020-06-26,101989.8512,2020-06-26,0.0,2020-06-26,6541.059,2020-06-26,-211.431
170,2020-07-03,5495.336,2020-07-03,,2020-07-03,39567978.0,2020-07-03,679.01432,2020-07-03,-0.76,2020-07-03,111379.241,2020-07-03,0.0,2020-07-03,12193.315,2020-07-03,-211.431
171,2020-07-10,5495.336,2020-07-10,,2020-07-10,65422953.0,2020-07-10,679.01432,2020-07-10,-0.76,2020-07-10,104552.7714,2020-07-10,0.0,2020-07-10,12193.315,2020-07-10,-211.431
172,2020-07-17,5495.336,2020-07-17,,2020-07-17,44628689.0,2020-07-17,679.01432,2020-07-17,-0.76,2020-07-17,98768.2366,2020-07-17,0.0,2020-07-17,12193.315,2020-07-17,-211.431
173,2020-07-24,5495.336,2020-07-24,,2020-07-24,36301839.0,2020-07-24,845.19023,2020-07-24,-0.76,2020-07-24,94552.5922,2020-07-24,0.0,2020-07-24,12193.315,2020-07-24,-211.431
174,2020-07-31,5495.336,2020-07-31,,2020-07-31,34560320.0,2020-07-31,845.19023,2020-07-31,-0.76,2020-07-31,109942.0895,2020-07-31,0.0,2020-07-31,12193.315,2020-07-31,-211.431
175,2020-08-07,5495.336,2020-08-07,,2020-08-07,30598495.0,2020-08-07,845.19023,2020-08-07,-0.76,2020-08-07,105630.635,2020-08-07,0.0,2020-08-07,12193.315,2020-08-07,-211.431
176,2020-08-14,5495.336,2020-08-14,,2020-08-14,26138210.0,2020-08-14,845.19023,2020-08-14,-0.76,2020-08-14,101846.136,2020-08-14,0.0,2020-08-14,12193.315,2020-08-14,-211.431
177,2020-08-21,5495.336,2020-08-21,,2020-08-21,83235152.0,2020-08-21,845.19023,2020-08-21,-0.76,2020-08-21,100600.6047,2020-08-21,0.0,2020-08-21,12193.315,2020-08-21,-211.431
178,2020-08-28,5495.336,2020-08-28,,2020-08-28,57335121.0,2020-08-28,845.19023,2020-08-28,-0.76,2020-08-28,106828.2612,2020-08-28,0.0,2020-08-28,12193.315,2020-08-28,-211.431
179,2020-09-04,5495.336,2020-09-04,,2020-09-04,42611506.0,2020-09-04,845.19023,2020-09-04,-0.76,2020-09-04,101846.136,2020-09-04,0.0,2020-09-04,12193.315,2020-09-04,-211.431
180,2020-09-11,5495.336,2020-09-11,,2020-09-11,26573052.0,2020-09-11,845.19023,2020-09-11,-0.76,2020-09-11,101486.8482,2020-09-11,0.0,2020-09-11,12193.315,2020-09-11,-211.431
181,2020-09-18,5495.336,2020-09-18,,2020-09-18,32299140.0,2020-09-18,845.19023,2020-09-18,-0.76,2020-09-18,95582.5508,2020-09-18,0.0,2020-09-18,12193.315,2020-09-18,-211.431
182,2020-09-25,5495.336,2020-09-25,,2020-09-25,37819823.0,2020-09-25,845.19023,2020-09-25,-0.76,2020-09-25,89019.5589,2020-09-25,0.0,2020-09-25,12193.315,2020-09-25,-211.431
183,2020-10-02,8321.792,2020-10-02,,2020-10-02,30084705.0,2020-10-02,845.19023,2020-10-02,-0.64,2020-10-02,85510.514,2020-10-02,0.0,2020-10-02,14209.782,2020-10-02,-211.431
184,2020-10-09,8321.792,2020-10-09,,2020-10-09,39962356.0,2020-10-09,845.19023,2020-10-09,-0.64,2020-10-09,95259.1917,2020-10-09,0.0,2020-10-09,14209.782,2020-10-09,-211.431
185,2020-10-16,8321.792,2020-10-16,,2020-10-16,27423854.0,2020-10-16,845.19023,2020-10-16,-0.64,2020-10-16,100624.5573,2020-10-16,0.0,2020-10-16,14209.782,2020-10-16,-211.431
186,2020-10-23,8321.792,2020-10-23,,2020-10-23,28105557.0,2020-10-23,845.19023,2020-10-23,-0.64,2020-10-23,104085.6971,2020-10-23,0.0,2020-10-23,14209.782,2020-10-23,-211.431
187,2020-10-30,8321.792,2020-10-30,,2020-10-30,23536922.0,2020-10-30,845.19023,2020-10-30,-0.64,2020-10-30,107762.4097,2020-10-30,0.0,2020-10-30,14209.782,2020-10-30,-211.431
188,2020-11-06,8321.792,2020-11-06,,2020-11-06,39618873.0,2020-11-06,845.19023,2020-11-06,-0.64,2020-11-06,137164.1341,2020-11-06,0.0,2020-11-06,14209.782,2020-11-06,-211.431
189,2020-11-13,8321.792,2020-11-13,,2020-11-13,92087487.0,2020-11-13,845.19023,2020-11-13,-0.64,2020-11-13,181188.8749,2020-11-13,0.0,2020-11-13,14209.782,2020-11-13,-211.431
190,2020-11-20,8321.792,2020-11-20,,2020-11-20,72620512.0,2020-11-20,878.19525,2020-11-20,-0.64,2020-11-20,176657.1188,2020-11-20,0.0,2020-11-20,14209.782,2020-11-20,-211.431
191,2020-11-27,8321.792,2020-11-27,,2020-11-27,34120408.0,2020-11-27,878.19525,2020-11-27,-0.64,2020-11-27,177272.4344,2020-11-27,0.0,2020-11-27,14209.782,2020-11-27,-211.431
192,2020-12-04,8321.792,2020-12-04,,2020-12-04,46675805.0,2020-12-04,878.19525,2020-12-04,-0.64,2020-12-04,180115.1927,2020-12-04,0.0,2020-12-04,14209.782,2020-12-04,-211.431
193,2020-12-11,8321.792,2020-12-11,,2020-12-11,41941778.0,2020-12-11,878.19525,2020-12-11,-0.64,2020-12-11,181702.707,2020-12-11,0.0,2020-12-11,14209.782,2020-12-11,-211.431
194,2020-12-18,8321.792,2020-12-18,,2020-12-18,27999386.0,2020-12-18,878.19525,2020-12-18,-0.64,2020-12-18,183819.3928,2020-12-18,0.0,2020-12-18,14209.782,2020-12-18,-211.431
195,2020-12-25,8321.792,2020-12-25,,2020-12-25,29920551.0,2020-12-25,878.19525,2020-12-25,-0.64,2020-12-25,187978.9265,2020-12-25,0.0,2020-12-25,14209.782,2020-12-25,-211.431
196,2021-01-01,14946.569,2021-01-01,,2021-01-01,68517812.0,2021-01-01,878.19525,2021-01-01,-1.12,2021-01-01,218646.2577,2021-01-01,0.0,2021-01-01,26547.709,2021-01-01,-211.431
197,2021-01-08,14946.569,2021-01-08,,2021-01-08,56449086.0,2021-01-08,878.19525,2021-01-08,-1.12,2021-01-08,222461.2147,2021-01-08,0.0,2021-01-08,26547.709,2021-01-08,-211.431
198,2021-01-15,14946.569,2021-01-15,,2021-01-15,39791077.0,2021-01-15,878.19525,2021-01-15,-1.12,2021-01-15,198377.7607,2021-01-15,0.0,2021-01-15,26547.709,2021-01-15,-211.431
199,2021-01-22,14946.569,2021-01-22,,2021-01-22,22319572.0,2021-01-22,878.19525,2021-01-22,-1.12,2021-01-22,211533.209,2021-01-22,0.0,2021-01-22,26547.709,2021-01-22,-211.431
200,2021-01-29,14946.569,2021-01-29,,2021-01-29,34518612.0,2021-01-29,878.19525,2021-01-29,-1.12,2021-01-29,203927.9078,2021-01-29,0.0,2021-01-29,26547.709,2021-01-29,-211.431
201,2021-02-05,14946.569,2021-02-05,,2021-02-05,31286758.0,2021-02-05,878.19525,2021-02-05,-1.12,2021-02-05,241400.6299,2021-02-05,0.0,2021-02-05,26547.709,2021-02-05,-211.431
202,2021-02-12,14946.569,2021-02-12,,2021-02-12,23779674.0,2021-02-12,878.19525,2021-02-12,-1.12,2021-02-12,241929.8014,2021-02-12,0.0,2021-02-12,26547.709,2021-02-12,-211.431
203,2021-02-19,14946.569,2021-02-19,,2021-02-19,22567248.0,2021-02-19,878.19525,2021-02-19,-1.12,2021-02-19,241179.1163,2021-02-19,0.0,2021-02-19,26547.709,2021-02-19,-211.431
204,2021-02-26,14946.569,2021-02-26,,2021-02-26,37752365.0,2021-02-26,878.19525,2021-02-26,-1.12,2021-02-26,210634.8482,2021-02-26,0.0,2021-02-26,26547.709,2021-02-26,-211.431
205,2021-03-05,14946.569,2021-03-05,,2021-03-05,40971252.0,2021-03-05,878.19525,2021-03-05,-1.12,2021-03-05,192987.5958,2021-03-05,0.0,2021-03-05,26547.709,2021-03-05,-211.431
206,2021-03-12,14946.569,2021-03-12,,2021-03-12,48955632.0,2021-03-12,878.19525,2021-03-12,-1.12,2021-03-12,198205.4723,2021-03-12,0.0,2021-03-12,26547.709,2021-03-12,-211.431
207,2021-03-19,14946.569,2021-03-19,,2021-03-19,65249457.0,2021-03-19,1253.2888,2021-03-19,-1.12,2021-03-19,177716.352,2021-03-19,0.0,2021-03-19,26547.709,2021-03-19,-211.431
208,2021-03-26,14946.569,2021-03-26,,2021-03-26,65371440.0,2021-03-26,1253.2888,2021-03-26,-1.12,2021-03-26,164544.2867,2021-03-26,0.0,2021-03-26,26547.709,2021-03-26,-211.431
209,2021-04-02,-3724.547,2021-04-02,,2021-04-02,31898314.0,2021-04-02,1253.2888,2021-04-02,-2.32,2021-04-02,180385.8571,2021-04-02,0.0,2021-04-02,22167.099,2021-04-02,-211.431
210,2021-04-09,-3724.547,2021-04-09,,2021-04-09,28847923.0,2021-04-09,1253.2888,2021-04-09,-2.32,2021-04-09,172477.6048,2021-04-09,0.0,2021-04-09,22167.099,2021-04-09,-211.431
211,2021-04-16,-3724.547,2021-04-16,,2021-04-16,23198542.0,2021-04-16,1253.2888,2021-04-16,-2.32,2021-04-16,167075.9301,2021-04-16,0.0,2021-04-16,22167.099,2021-04-16,-211.431
212,2021-04-23,-3724.547,2021-04-23,,2021-04-23,30631429.0,2021-04-23,1253.2888,2021-04-23,-2.32,2021-04-23,173718.3607,2021-04-23,0.0,2021-04-23,22167.099,2021-04-23,-211.431
213,2021-04-30,-3724.547,2021-04-30,,2021-04-30,18723841.0,2021-04-30,1253.2888,2021-04-30,-2.32,2021-04-30,167852.9691,2021-04-30,0.0,2021-04-30,22167.099,2021-04-30,-211.431
214,2021-05-07,-3724.547,2021-05-07,,2021-05-07,18283892.0,2021-05-07,1253.2888,2021-05-07,-2.32,2021-05-07,167677.5087,2021-05-07,0.0,2021-05-07,22167.099,2021-05-07,-211.431
215,2021-05-14,-3724.547,2021-05-14,,2021-05-14,44497578.0,2021-05-14,1253.2888,2021-05-14,-2.32,2021-05-14,148301.6638,2021-05-14,0.0,2021-05-14,22167.099,2021-05-14,-211.431
216,2021-05-21,-3724.547,2021-05-21,,2021-05-21,25072591.0,2021-05-21,1253.2888,2021-05-21,-2.32,2021-05-21,162037.7091,2021-05-21,0.0,2021-05-21,22167.099,2021-05-21,-211.431
217,2021-05-28,-3724.547,2021-05-28,,2021-05-28,54337440.0,2021-05-28,1253.2888,2021-05-28,-2.32,2021-05-28,156510.7055,2021-05-28,0.0,2021-05-28,22167.099,2021-05-28,-211.431
218,2021-06-04,-3724.547,2021-06-04,,2021-06-04,38463493.0,2021-06-04,1253.2888,2021-06-04,-2.32,2021-06-04,165647.1808,2021-06-04,0.0,2021-06-04,22167.099,2021-06-04,-211.431
219,2021-06-11,-3724.547,2021-06-11,,2021-06-11,26930934.0,2021-06-11,1253.2888,2021-06-11,-2.32,2021-06-11,152863.6351,2021-06-11,0.0,2021-06-11,22167.099,2021-06-11,-211.431
220,2021-06-18,-3724.547,2021-06-18,,2021-06-18,30460897.0,2021-06-18,1253.2888,2021-06-18,-2.32,2021-06-18,156698.6988,2021-06-18,0.0,2021-06-18,22167.099,2021-06-18,-211.431
221,2021-06-25,-3724.547,2021-06-25,,2021-06-25,33028499.0,2021-06-25,1253.2888,2021-06-25,-2.32,2021-06-25,159919.651,2021-06-25,0.0,2021-06-25,22167.099,2021-06-25,-211.431
222,2021-07-02,7371.215,2021-07-02,,2021-07-02,38140441.0,2021-07-02,1253.2888,2021-07-02,1.92,2021-07-02,149392.0251,2021-07-02,0.0,2021-07-02,23046.22,2021-07-02,-211.431
223,2021-07-09,7371.215,2021-07-09,,2021-07-09,33541847.0,2021-07-09,1253.2888,2021-07-09,1.92,2021-07-09,139202.7871,2021-07-09,0.0,2021-07-09,23046.22,2021-07-09,-211.431
224,2021-07-16,7371.215,2021-07-16,,2021-07-16,30568977.0,2021-07-16,1253.2888,2021-07-16,1.92,2021-07-16,134665.8817,2021-07-16,0.0,2021-07-16,23046.22,2021-07-16,-211.431
225,2021-07-23,7371.215,2021-07-23,,2021-07-23,38003892.0,2021-07-23,1253.2888,2021-07-23,1.92,2021-07-23,121957.5332,2021-07-23,0.0,2021-07-23,23046.22,2021-07-23,-211.431
226,2021-07-30,7371.215,2021-07-30,,2021-07-30,82985548.0,2021-07-30,1253.2888,2021-07-30,1.92,2021-07-30,114813.7871,2021-07-30,0.0,2021-07-30,23046.22,2021-07-30,-211.431
227,2021-08-06,7371.215,2021-08-06,,2021-08-06,28642599.0,2021-08-06,1253.2888,2021-08-06,1.92,2021-08-06,109612.6385,2021-08-06,0.0,2021-08-06,23046.22,2021-08-06,-211.431
228,2021-08-13,7371.215,2021-08-13,,2021-08-13,21606484.0,2021-08-13,1253.2888,2021-08-13,1.92,2021-08-13,105752.509,2021-08-13,0.0,2021-08-13,23046.22,2021-08-13,-211.431
229,2021-08-20,7371.215,2021-08-20,,2021-08-20,41434697.0,2021-08-20,1253.2888,2021-08-20,1.92,2021-08-20,96866.6914,2021-08-20,0.0,2021-08-20,23046.22,2021-08-20,-211.431
230,2021-08-27,7371.215,2021-08-27,,2021-08-27,77939280.0,2021-08-27,1253.2888,2021-08-27,1.92,2021-08-27,118598.7192,2021-08-27,0.0,2021-08-27,23046.22,2021-08-27,-211.431
231,2021-09-03,7371.215,2021-09-03,,2021-09-03,56318073.0,2021-09-03,1253.2888,2021-09-03,1.92,2021-09-03,128123.7141,2021-09-03,0.0,2021-09-03,23046.22,2021-09-03,-211.431
232,2021-09-10,7371.215,2021-09-10,,2021-09-10,34914331.0,2021-09-10,1253.2888,2021-09-10,1.92,2021-09-10,130028.7131,2021-09-10,0.0,2021-09-10,23046.22,2021-09-10,-211.431
233,2021-09-17,7371.215,2021-09-17,,2021-09-17,33126134.0,2021-09-17,1253.2888,2021-09-17,1.92,2021-09-17,126243.7809,2021-09-17,0.0,2021-09-17,23046.22,2021-09-17,-211.431
234,2021-09-24,7371.215,2021-09-24,,2021-09-24,26656070.0,2021-09-24,1253.2888,2021-09-24,1.92,2021-09-24,118498.4561,2021-09-24,0.0,2021-09-24,23046.22,2021-09-24,-211.431
235,2021-10-01,8736.568,2021-10-01,,2021-10-01,35830671.0,2021-10-01,1253.2888,2021-10-01,1.32,2021-10-01,110477.4078,2021-10-01,0.0,2021-10-01,21505.758,2021-10-01,-211.431
236,2021-10-08,8736.568,2021-10-08,,2021-10-08,34020037.0,2021-10-08,1253.2888,2021-10-08,1.32,2021-10-08,120591.4484,2021-10-08,0.0,2021-10-08,21505.758,2021-10-08,-211.431
237,2021-10-15,8736.568,2021-10-15,,2021-10-15,30112474.0,2021-10-15,1253.2888,2021-10-15,1.32,2021-10-15,117821.6802,2021-10-15,0.0,2021-10-15,21505.758,2021-10-15,-211.431
238,2021-10-22,8736.568,2021-10-22,,2021-10-22,34637502.0,2021-10-22,1253.2888,2021-10-22,1.32,2021-10-22,124138.2557,2021-10-22,0.0,2021-10-22,21505.758,2021-10-22,-211.431
239,2021-10-29,8736.568,2021-10-29,,2021-10-29,25318319.0,2021-10-29,1253.2888,2021-10-29,1.32,2021-10-29,111442.4402,2021-10-29,0.0,2021-10-29,21505.758,2021-10-29,-211.431
240,2021-11-05,8736.568,2021-11-05,,2021-11-05,23838004.0,2021-11-05,1253.2888,2021-11-05,1.32,2021-11-05,104862.674,2021-11-05,0.0,2021-11-05,21505.758,2021-11-05,-211.431
241,2021-11-12,8736.568,2021-11-12,,2021-11-12,30028368.0,2021-11-12,1253.2888,2021-11-12,1.32,2021-11-12,119062.4361,2021-11-12,0.0,2021-11-12,21505.758,2021-11-12,-211.431
242,2021-11-19,8736.568,2021-11-19,,2021-11-19,29045112.0,2021-11-19,1253.2888,2021-11-19,1.32,2021-11-19,102606.7541,2021-11-19,0.0,2021-11-19,21505.758,2021-11-19,-211.431
243,2021-11-26,8736.568,2021-11-26,,2021-11-26,45316687.0,2021-11-26,1253.2888,2021-11-26,1.32,2021-11-26,85800.1513,2021-11-26,0.0,2021-11-26,21505.758,2021-11-26,-211.431
244,2021-12-03,8736.568,2021-12-03,,2021-12-03,72673778.0,2021-12-03,1253.2888,2021-12-03,1.32,2021-12-03,68229.0423,2021-12-03,0.0,2021-12-03,21505.758,2021-12-03,-211.431
245,2021-12-10,8736.568,2021-12-10,,2021-12-10,55212684.0,2021-12-10,1253.2888,2021-12-10,1.32,2021-12-10,79734.2335,2021-12-10,0.0,2021-12-10,21505.758,2021-12-10,-211.431
246,2021-12-17,8736.568,2021-12-17,,2021-12-17,35974698.0,2021-12-17,1253.2888,2021-12-17,1.32,2021-12-17,72765.9478,2021-12-17,0.0,2021-12-17,21505.758,2021-12-17,-211.431
247,2021-12-24,8736.568,2021-12-24,,2021-12-24,24189386.0,2021-12-24,1253.2888,2021-12-24,1.32,2021-12-24,72327.2967,2021-12-24,0.0,2021-12-24,21505.758,2021-12-24,-211.431
248,2021-12-31,16399.775,2021-12-31,71.7508,2021-12-31,26463748.0,2021-12-31,1253.2888,2021-12-31,5.28,2021-12-31,73066.7371,2021-12-31,0.0,2021-12-31,27230.862,2021-12-31,-211.431
249,2022-01-07,16399.775,2022-01-07,69.032,2022-01-07,59957210.0,2022-01-07,1253.2888,2022-01-07,5.28,2022-01-07,70058.844,2022-01-07,0.0,2022-01-07,27230.862,2022-01-07,-211.431
250,2022-01-14,16399.775,2022-01-14,74.309,2022-01-14,39777746.0,2022-01-14,1253.2888,2022-01-14,5.28,2022-01-14,75711.1765,2022-01-14,0.0,2022-01-14,27230.862,2022-01-14,-211.431
251,2022-01-21,16399.775,2022-01-21,76.6,2022-01-21,40620277.0,2022-01-21,1253.2888,2022-01-21,5.28,2022-01-21,78217.7541,2022-01-21,0.0,2022-01-21,27230.862,2022-01-21,-211.431
252,2022-01-28,16399.775,2022-01-28,65.343,2022-01-28,41961863.0,2022-01-28,1253.2888,2022-01-28,5.28,2022-01-28,66486.9709,2022-01-28,0.0,2022-01-28,27230.862,2022-01-28,-211.431
253,2022-02-04,16399.775,2022-02-04,68.7918,2022-02-04,30856892.0,2022-02-04,1253.2888,2022-02-04,5.28,2022-02-04,69996.1795,2022-02-04,0.0,2022-02-04,27230.862,2022-02-04,-211.431
254,2022-02-11,16399.775,2022-02-11,73.8256,2022-02-11,40106788.0,2022-02-11,1253.2888,2022-02-11,5.28,2022-02-11,75197.3281,2022-02-11,0.0,2022-02-11,27230.862,2022-02-11,-211.431
255,2022-02-18,16399.775,2022-02-18,68.6262,2022-02-18,28685303.0,2022-02-18,1253.2888,2022-02-18,5.28,2022-02-18,70221.7715,2022-02-18,0.0,2022-02-18,27230.862,2022-02-18,-211.431
256,2022-02-25,16399.775,2022-02-25,63.1785,2022-02-25,34665399.0,2022-02-25,1253.2888,2022-02-25,5.28,2022-02-25,64732.3666,2022-02-25,0.0,2022-02-25,27230.862,2022-02-25,-211.431
257,2022-03-04,16399.775,2022-03-04,50.4992,2022-03-04,39697510.0,2022-03-04,1253.2888,2022-03-04,5.28,2022-03-04,51723.2288,2022-03-04,0.0,2022-03-04,27230.862,2022-03-04,-211.431
258,2022-03-11,16399.775,2022-03-11,39.4384,2022-03-11,68073148.0,2022-03-11,1253.2888,2022-03-11,5.28,2022-03-11,40268.1692,2022-03-11,0.0,2022-03-11,27230.862,2022-03-11,-211.431
259,2022-03-18,16399.775,2022-03-18,52.4706,2022-03-18,245098468.0,2022-03-18,1253.2888,2022-03-18,5.28,2022-03-18,53390.1029,2022-03-18,0.0,2022-03-18,27230.862,2022-03-18,-211.431
260,2022-03-25,16399.775,2022-03-25,54.5335,2022-03-25,229720552.0,2022-03-25,1253.2888,2022-03-25,5.28,2022-03-25,55445.4966,2022-03-25,0.0,2022-03-25,27230.862,2022-03-25,-211.431
261,2022-04-01,-9068.096,2022-04-01,28.2553,2022-04-01,110996190.0,2022-04-01,1253.2888,2022-04-01,2.08,2022-04-01,53452.7674,2022-04-01,0.0,2022-04-01,23793.689,2022-04-01,-211.431
262,2022-04-08,-9068.096,2022-04-08,28.2315,2022-04-08,89740419.0,2022-04-08,1253.2888,2022-04-08,2.08,2022-04-08,53390.1029,2022-04-08,0.0,2022-04-08,23793.689,2022-04-08,-211.431
263,2022-04-15,-9068.096,2022-04-15,26.5842,2022-04-15,57157385.0,2022-04-15,1253.2888,2022-04-15,2.08,2022-04-15,50169.1507,2022-04-15,0.0,2022-04-15,23793.689,2022-04-15,-211.431
264,2022-04-22,-9068.096,2022-04-22,23.5092,2022-04-22,61609445.0,2022-04-22,1253.2888,2022-04-22,2.08,2022-04-22,43526.7201,2022-04-22,0.0,2022-04-22,23793.689,2022-04-22,-211.431
265,2022-04-29,-9068.096,2022-04-29,29.6486,2022-04-29,87010806.0,2022-04-29,1264.38567,2022-04-29,2.08,2022-04-29,54482.3785,2022-04-29,0.0,2022-04-29,23793.689,2022-04-29,-211.431
266,2022-05-06,-9068.096,2022-05-06,26.5086,2022-05-06,45063505.0,2022-05-06,1264.38567,2022-05-06,2.08,2022-05-06,48286.8887,2022-05-06,0.0,2022-05-06,23793.689,2022-05-06,-211.431
267,2022-05-13,-9068.096,2022-05-13,26.6638,2022-05-13,57891470.0,2022-05-13,1264.38567,2022-05-13,2.08,2022-05-13,47692.6274,2022-05-13,0.0,2022-05-13,23793.689,2022-05-13,-211.431
268,2022-05-20,-9068.096,2022-05-20,28.5016,2022-05-20,61581806.0,2022-05-20,1264.38567,2022-05-20,2.08,2022-05-20,51713.3739,2022-05-20,0.0,2022-05-20,23793.689,2022-05-20,-211.431
269,2022-05-27,-9068.096,2022-05-27,33.6906,2022-05-27,68558542.0,2022-05-27,1264.38567,2022-05-27,2.08,2022-05-27,61069.8278,2022-05-27,0.0,2022-05-27,23793.689,2022-05-27,-211.431
270,2022-06-03,-9068.096,2022-06-03,35.2969,2022-06-03,60271035.0,2022-06-03,1264.38567,2022-06-03,2.08,2022-06-03,64357.2306,2022-06-03,0.0,2022-06-03,23793.689,2022-06-03,-211.431
271,2022-06-10,-9068.096,2022-06-10,41.8773,2022-06-10,119151855.0,2022-06-10,1264.38567,2022-06-10,2.08,2022-06-10,75799.9209,2022-06-10,0.0,2022-06-10,23793.689,2022-06-10,-211.431
272,2022-06-17,-9068.096,2022-06-17,41.2604,2022-06-17,83982750.0,2022-06-17,1264.38567,2022-06-17,2.08,2022-06-17,74598.7545,2022-06-17,0.0,2022-06-17,23793.689,2022-06-17,-211.431
273,2022-06-24,-9068.096,2022-06-24,45.9437,2022-06-24,59675394.0,2022-06-24,1264.38567,2022-06-24,2.08,2022-06-24,83398.8787,2022-06-24,0.0,2022-06-24,23793.689,2022-06-24,-211.431
274,2022-07-01,19373.871,2022-07-01,31.0102,2022-07-01,44393092.0,2022-07-01,1264.38567,2022-07-01,7.0572,2022-07-01,81957.4791,2022-07-01,0.0,2022-07-01,31439.568,2022-07-01,-211.431
275,2022-07-08,19373.871,2022-07-08,29.0571,2022-07-08,39041929.0,2022-07-08,1264.38567,2022-07-08,7.0572,2022-07-08,76874.6487,2022-07-08,0.0,2022-07-08,31439.568,2022-07-08,-211.431
276,2022-07-15,19373.871,2022-07-15,26.3911,2022-07-15,51750281.0,2022-07-15,1264.38567,2022-07-15,7.0572,2022-07-15,69174.54,2022-07-15,0.0,2022-07-15,31439.568,2022-07-15,-211.431
277,2022-07-22,19373.871,2022-07-22,26.2097,2022-07-22,35613482.0,2022-07-22,1264.38567,2022-07-22,7.0572,2022-07-22,68757.2927,2022-07-22,0.0,2022-07-22,31439.568,2022-07-22,-211.431
278,2022-07-29,19373.871,2022-07-29,23.5971,2022-07-29,42367564.0,2022-07-29,1264.38567,2022-07-29,7.0572,2022-07-29,61967.5416,2022-07-29,0.0,2022-07-29,31439.568,2022-07-29,-211.431
279,2022-08-05,19373.871,2022-08-05,24.2565,2022-08-05,43666465.0,2022-08-05,1264.38567,2022-08-05,7.0572,2022-08-05,63535.3799,2022-08-05,0.0,2022-08-05,31439.568,2022-08-05,-211.431
280,2022-08-12,19373.871,2022-08-12,23.49,2022-08-12,41401235.0,2022-08-12,1264.38567,2022-08-12,7.0572,2022-08-12,61702.0206,2022-08-12,0.0,2022-08-12,31439.568,2022-08-12,-211.431
281,2022-08-19,19373.871,2022-08-19,22.2714,2022-08-19,28321027.0,2022-08-19,1264.38567,2022-08-19,7.0572,2022-08-19,57858.2882,2022-08-19,0.0,2022-08-19,31439.568,2022-08-19,-211.431
282,2022-08-26,19373.871,2022-08-26,28.2417,2022-08-26,80722338.0,2022-08-26,1264.38567,2022-08-26,7.0572,2022-08-26,72790.683,2022-08-26,0.0,2022-08-26,31439.568,2022-08-26,-211.431
283,2022-09-02,19373.871,2022-09-02,35.559,2022-09-02,178233650.0,2022-09-02,1264.38567,2022-09-02,7.0572,2022-09-02,91276.0014,2022-09-02,0.0,2022-09-02,31439.568,2022-09-02,-211.431
284,2022-09-09,19373.871,2022-09-09,34.494,2022-09-09,41146380.0,2022-09-09,1264.38567,2022-09-09,7.0572,2022-09-09,88203.5443,2022-09-09,0.0,2022-09-09,31439.568,2022-09-09,-211.431
285,2022-09-16,19373.871,2022-09-16,32.7553,2022-09-16,44736398.0,2022-09-16,1264.38567,2022-09-16,7.0572,2022-09-16,83032.2069,2022-09-16,0.0,2022-09-16,31439.568,2022-09-16,-211.431
286,2022-09-23,19373.871,2022-09-23,30.5582,2022-09-23,41628851.0,2022-09-23,1264.38567,2022-09-23,7.0572,2022-09-23,75926.3594,2022-09-23,0.0,2022-09-23,31439.568,2022-09-23,-211.431
287,2022-09-30,11651.823,2022-09-30,22.1105,2022-09-30,43725200.0,2022-09-30,1264.38567,2022-09-30,8.4,2022-09-30,79125.2552,2022-09-30,0.0,2022-09-30,35504.304,2022-09-30,-211.431
288,2022-10-07,11651.823,2022-10-07,22.4567,2022-10-07,30180242.0,2022-10-07,1264.38567,2022-10-07,8.4,2022-10-07,80364.3531,2022-10-07,0.0,2022-10-07,35504.304,2022-10-07,-211.431
289,2022-10-14,11651.823,2022-10-14,18.8987,2022-10-14,46390234.0,2022-10-14,1264.38567,2022-10-14,8.4,2022-10-14,66911.2896,2022-10-14,0.0,2022-10-14,35504.304,2022-10-14,-211.431
290,2022-10-21,11651.823,2022-10-21,21.1708,2022-10-21,55323930.0,2022-10-21,1264.38567,2022-10-21,8.4,2022-10-21,74560.8229,2022-10-21,0.0,2022-10-21,35504.304,2022-10-21,-211.431
291,2022-10-28,11651.823,2022-10-28,19.0672,2022-10-28,155590990.0,2022-10-28,1264.38567,2022-10-28,8.4,2022-10-28,66949.2212,2022-10-28,0.0,2022-10-28,35504.304,2022-10-28,-211.431
292,2022-11-04,11651.823,2022-11-04,22.0793,2022-11-04,75530358.0,2022-11-04,1264.38567,2022-11-04,8.4,2022-11-04,78252.8291,2022-11-04,0.0,2022-11-04,35504.304,2022-11-04,-211.431
293,2022-11-11,11651.823,2022-11-11,22.9689,2022-11-11,60832272.0,2022-11-11,1264.38567,2022-11-11,8.4,2022-11-11,82412.6579,2022-11-11,0.0,2022-11-11,35504.304,2022-11-11,-211.431
294,2022-11-18,11651.823,2022-11-18,24.7986,2022-11-18,59113986.0,2022-11-18,1264.38567,2022-11-18,8.4,2022-11-18,88696.6547,2022-11-18,0.0,2022-11-18,35504.304,2022-11-18,-211.431
295,2022-11-25,11651.823,2022-11-25,23.3908,2022-11-25,29570978.0,2022-11-25,1264.38567,2022-11-25,8.4,2022-11-25,83133.3577,2022-11-25,0.0,2022-11-25,35504.304,2022-11-25,-211.431
296,2022-12-02,11651.823,2022-12-02,30.2377,2022-12-02,109643578.0,2022-12-02,1264.38567,2022-12-02,8.4,2022-12-02,109167.0587,2022-12-02,0.0,2022-12-02,35504.304,2022-12-02,-211.431
297,2022-12-09,11651.823,2022-12-09,30.9944,2022-12-09,68992129.0,2022-12-09,1264.38567,2022-12-09,8.4,2022-12-09,113428.0384,2022-12-09,0.0,2022-12-09,35504.304,2022-12-09,-211.431
298,2022-12-16,11651.823,2022-12-16,30.1358,2022-12-16,46551445.0,2022-12-16,1264.38567,2022-12-16,8.4,2022-12-16,110039.4848,2022-12-16,0.0,2022-12-16,35504.304,2022-12-16,-211.431
299,2022-12-23,11651.823,2022-12-23,29.1638,2022-12-23,32497979.0,2022-12-23,1264.38567,2022-12-23,8.4,2022-12-23,106246.3278,2022-12-23,0.0,2022-12-23,35504.304,2022-12-23,-211.431
300,2022-12-30,26550.262,2022-12-30,25.4472,2022-12-30,30274226.0,2022-12-30,1264.38567,2022-12-30,7.4,2022-12-30,103110.6513,2022-12-30,0.0,2022-12-30,39820.028,2022-12-30,-211.431
301,2023-01-06,26550.262,2023-01-06,29.6439,2023-01-06,48552100.0,2023-01-06,1264.38567,2023-01-06,7.4,2023-01-06,121330.4488,2023-01-06,0.0,2023-01-06,39820.028,2023-01-06,-211.431
302,2023-01-13,26550.262,2023-01-13,29.4013,2023-01-13,32062147.0,2023-01-13,1264.38567,2023-01-13,7.4,2023-01-13,122645.4099,2023-01-13,0.0,2023-01-13,39820.028,2023-01-13,-211.431
303,2023-01-20,26550.262,2023-01-20,28.4927,2023-01-20,29263987.0,2023-01-20,1264.38567,2023-01-20,7.4,2023-01-20,117385.5655,2023-01-20,0.0,2023-01-20,39820.028,2023-01-20,-211.431
304,2023-01-27,26550.262,2023-01-27,32.1265,2023-01-27,29131879.0,2023-01-27,1264.38567,2023-01-27,7.4,2023-01-27,132355.8918,2023-01-27,0.0,2023-01-27,39820.028,2023-01-27,-211.431
305,2023-02-03,26550.262,2023-02-03,29.3365,2023-02-03,40942316.0,2023-02-03,1264.38567,2023-02-03,7.4,2023-02-03,120938.4892,2023-02-03,0.0,2023-02-03,39820.028,2023-02-03,-211.431
306,2023-02-10,26550.262,2023-02-10,28.4901,2023-02-10,34884758.0,2023-02-10,1264.38567,2023-02-10,7.4,2023-02-10,116892.4551,2023-02-10,0.0,2023-02-10,39820.028,2023-02-10,-211.431
307,2023-02-17,26550.262,2023-02-17,29.0249,2023-02-17,37110406.0,2023-02-17,1264.38567,2023-02-17,7.4,2023-02-17,118118.9092,2023-02-17,0.0,2023-02-17,39820.028,2023-02-17,-211.431
308,2023-02-24,26550.262,2023-02-24,26.3561,2023-02-24,49127879.0,2023-02-24,1264.38567,2023-02-24,7.4,2023-02-24,105854.3682,2023-02-24,0.0,2023-02-24,39820.028,2023-02-24,-211.431
309,2023-03-03,26550.262,2023-03-03,29.8873,2023-03-03,48395710.0,2023-03-03,1264.38567,2023-03-03,7.4,2023-03-03,120989.0647,2023-03-03,0.0,2023-03-03,39820.028,2023-03-03,-211.431
310,2023-03-10,26550.262,2023-03-10,26.8067,2023-03-10,38827556.0,2023-03-10,1264.38567,2023-03-10,7.4,2023-03-10,108395.7834,2023-03-10,0.0,2023-03-10,39820.028,2023-03-10,-211.431
311,2023-03-17,26550.262,2023-03-17,28.6399,2023-03-17,57036675.0,2023-03-17,1264.38567,2023-03-17,7.4,2023-03-17,116247.6184,2023-03-17,0.0,2023-03-17,39820.028,2023-03-17,-211.431
312,2023-03-24,26550.262,2023-03-24,22.9741,2023-03-24,91850351.0,2023-03-24,1264.38567,2023-03-24,7.4,2023-03-24,93513.9641,2023-03-24,0.0,2023-03-24,39820.028,2023-03-24,-211.431
313,2023-03-31,1338.022,2023-03-31,19.9677,2023-03-31,62707685.0,2023-03-31,1264.38567,2023-03-31,6.12,2023-03-31,95966.8723,2023-03-31,0.0,2023-03-31,37637.05,2023-03-31,-211.431
314,2023-04-07,1338.022,2023-04-07,18.9601,2023-04-07,22664609.0,2023-04-07,1264.38567,2023-04-07,6.12,2023-04-07,91073.6997,2023-04-07,0.0,2023-04-07,37637.05,2023-04-07,-211.431
315,2023-04-14,1338.022,2023-04-14,17.8114,2023-04-14,40123557.0,2023-04-14,1264.38567,2023-04-14,6.12,2023-04-14,85573.6221,2023-04-14,0.0,2023-04-14,37637.05,2023-04-14,-211.431
316,2023-04-21,1338.022,2023-04-21,18.2727,2023-04-21,31036626.0,2023-04-21,1264.38567,2023-04-21,6.12,2023-04-21,87533.4199,2023-04-21,0.0,2023-04-21,37637.05,2023-04-21,-211.431
317,2023-04-28,1338.022,2023-04-28,18.0406,2023-04-28,38230517.0,2023-04-28,1328.5871,2023-04-28,6.12,2023-04-28,90543.2108,2023-04-28,0.0,2023-04-28,37637.05,2023-04-28,-211.431
318,2023-05-05,1338.022,2023-05-05,16.6874,2023-05-05,30418119.0,2023-05-05,1328.5871,2023-05-05,6.12,2023-05-05,83780.7025,2023-05-05,0.0,2023-05-05,37637.05,2023-05-05,-211.431
319,2023-05-12,1338.022,2023-05-12,16.8748,2023-05-12,43535191.0,2023-05-12,1328.5871,2023-05-12,6.12,2023-05-12,84126.1351,2023-05-12,0.0,2023-05-12,37637.05,2023-05-12,-211.431
320,2023-05-19,1338.022,2023-05-19,16.2532,2023-05-19,40557990.0,2023-05-19,1328.5871,2023-05-19,6.12,2023-05-19,80419.3771,2023-05-19,0.0,2023-05-19,37637.05,2023-05-19,-211.431
321,2023-05-26,1338.022,2023-05-26,19.3228,2023-05-26,66242776.0,2023-05-26,1328.5871,2023-05-26,6.12,2023-05-26,94887.6906,2023-05-26,0.0,2023-05-26,37637.05,2023-05-26,-211.431
322,2023-06-02,1338.022,2023-06-02,18.8789,2023-06-02,63434502.0,2023-06-02,1328.5871,2023-06-02,6.12,2023-06-02,92389.9469,2023-06-02,0.0,2023-06-02,37637.05,2023-06-02,-211.431
323,2023-06-09,1338.022,2023-06-09,20.7869,2023-06-09,54430378.0,2023-06-09,1328.5871,2023-06-09,6.12,2023-06-09,101105.4782,2023-06-09,0.0,2023-06-09,37637.05,2023-06-09,-211.431
324,2023-06-16,1338.022,2023-06-16,21.8008,2023-06-16,47262957.0,2023-06-16,1328.5871,2023-06-16,6.12,2023-06-16,106114.2516,2023-06-16,0.0,2023-06-16,37637.05,2023-06-16,-211.431
325,2023-06-23,1338.022,2023-06-23,19.193,2023-06-23,37459394.0,2023-06-23,1328.5871,2023-06-23,6.12,2023-06-23,92735.3795,2023-06-23,0.0,2023-06-23,37637.05,2023-06-23,-211.431
326,2023-06-30,23395.981,2023-06-30,17.266,2023-06-30,29767017.0,2023-06-30,1328.5871,2023-06-30,9.64,2023-06-30,91858.512,2023-06-30,0.0,2023-06-30,52280.748,2023-06-30,-211.431
327,2023-07-07,23395.981,2023-07-07,17.4077,2023-07-07,26238256.0,2023-07-07,1328.5871,2023-07-07,9.64,2023-07-07,93001.0969,2023-07-07,0.0,2023-07-07,52280.748,2023-07-07,-211.431
328,2023-07-14,23395.981,2023-07-14,19.5291,2023-07-14,57161829.0,2023-07-14,1328.5871,2023-07-14,9.64,2023-07-14,105609.3885,2023-07-14,0.0,2023-07-14,52280.748,2023-07-14,-211.431
329,2023-07-21,23395.981,2023-07-21,18.7998,2023-07-21,50299569.0,2023-07-21,1328.5871,2023-07-21,9.64,2023-07-21,100932.7619,2023-07-21,0.0,2023-07-21,52280.748,2023-07-21,-211.431
330,2023-07-28,23395.981,2023-07-28,21.986,2023-07-28,55773366.0,2023-07-28,1328.5871,2023-07-28,9.64,2023-07-28,118709.2573,2023-07-28,0.0,2023-07-28,52280.748,2023-07-28,-211.431
331,2023-08-04,23395.981,2023-08-04,21.605,2023-08-04,46851257.0,2023-08-04,1328.5871,2023-08-04,9.64,2023-08-04,116277.9429,2023-08-04,0.0,2023-08-04,52280.748,2023-08-04,-211.431
332,2023-08-11,23395.981,2023-08-11,20.3227,2023-08-11,37386738.0,2023-08-11,1328.5871,2023-08-11,9.64,2023-08-11,108346.2779,2023-08-11,0.0,2023-08-11,52280.748,2023-08-11,-211.431
333,2023-08-18,23395.981,2023-08-18,19.2967,2023-08-18,31867427.0,2023-08-18,1328.5871,2023-08-18,9.64,2023-08-18,102274.6349,2023-08-18,0.0,2023-08-18,52280.748,2023-08-18,-211.431
334,2023-08-25,23395.981,2023-08-25,20.0496,2023-08-25,43677806.0,2023-08-25,1328.5871,2023-08-25,9.64,2023-08-25,106167.3951,2023-08-25,0.0,2023-08-25,52280.748,2023-08-25,-211.431
335,2023-09-01,23395.981,2023-09-01,25.8396,2023-09-01,107268331.0,2023-09-01,1328.5871,2023-09-01,9.64,2023-09-01,137229.7615,2023-09-01,0.0,2023-09-01,52280.748,2023-09-01,-211.431
336,2023-09-08,23395.981,2023-09-08,24.1052,2023-09-08,47950450.0,2023-09-08,1328.5871,2023-09-08,9.64,2023-09-08,126667.494,2023-09-08,0.0,2023-09-08,52280.748,2023-09-08,-211.431
337,2023-09-15,23395.981,2023-09-15,24.9106,2023-09-15,49124750.0,2023-09-15,1328.5871,2023-09-15,9.64,2023-09-15,132141.2729,2023-09-15,0.0,2023-09-15,52280.748,2023-09-15,-211.431
338,2023-09-22,23395.981,2023-09-22,24.1038,2023-09-22,36353377.0,2023-09-22,1328.5871,2023-09-22,9.64,2023-09-22,127451.3604,2023-09-22,0.0,2023-09-22,52280.748,2023-09-22,-211.431
339,2023-09-29,32537.857,2023-09-29,22.1605,2023-09-29,31575106.0,2023-09-29,1328.5871,2023-09-29,11.36,2023-09-29,130294.5368,2023-09-29,0.0,2023-09-29,68840.371,2023-09-29,-211.431
340,2023-10-06,32537.857,2023-10-06,22.226,2023-10-06,40066199.0,2023-10-06,1328.5871,2023-10-06,11.36,2023-10-06,140351.9411,2023-10-06,0.0,2023-10-06,68840.371,2023-10-06,-211.431
341,2023-10-13,32537.857,2023-10-13,24.0003,2023-10-13,38890908.0,2023-10-13,1328.5871,2023-10-13,11.36,2023-10-13,140963.0912,2023-10-13,0.0,2023-10-13,68840.371,2023-10-13,-211.431
342,2023-10-20,32537.857,2023-10-20,23.2799,2023-10-20,30331643.0,2023-10-20,1328.5871,2023-10-20,11.36,2023-10-20,136552.182,2023-10-20,0.0,2023-10-20,68840.371,2023-10-20,-211.431
343,2023-10-27,32537.857,2023-10-27,24.532,2023-10-27,38442667.0,2023-10-27,1328.5871,2023-10-27,11.36,2023-10-27,143859.4111,2023-10-27,0.0,2023-10-27,68840.371,2023-10-27,-211.431
344,2023-11-03,32537.857,2023-11-03,24.0157,2023-11-03,43281705.0,2023-11-03,1328.5871,2023-11-03,11.36,2023-11-03,141388.2391,2023-11-03,0.0,2023-11-03,68840.371,2023-11-03,-211.431
345,2023-11-10,32537.857,2023-11-10,24.61,2023-11-10,22563548.0,2023-11-10,1328.5871,2023-11-10,11.36,2023-11-10,144869.1373,2023-11-10,0.0,2023-11-10,68840.371,2023-11-10,-211.431
346,2023-11-17,32537.857,2023-11-17,25.712,2023-11-17,31524809.0,2023-11-17,1328.5871,2023-11-17,11.36,2023-11-17,152986.8044,2023-11-17,0.0,2023-11-17,68840.371,2023-11-17,-211.431
347,2023-11-24,32537.857,2023-11-24,26.2749,2023-11-24,27509407.0,2023-11-24,1328.5871,2023-11-24,11.36,2023-11-24,157703.2887,2023-11-24,0.0,2023-11-24,68840.371,2023-11-24,-211.431
348,2023-12-01,32537.857,2023-12-01,32.07,2023-12-01,85500508.0,2023-12-01,1328.5871,2023-12-01,11.36,2023-12-01,193003.8479,2023-12-01,0.0,2023-12-01,68840.371,2023-12-01,-211.431
349,2023-12-08,32537.857,2023-12-08,30.8504,2023-12-08,41719454.0,2023-12-08,1328.5871,2023-12-08,11.36,2023-12-08,184620.4633,2023-12-08,0.0,2023-12-08,68840.371,2023-12-08,-211.431
350,2023-12-15,32537.857,2023-12-15,32.7031,2023-12-15,45902935.0,2023-12-15,1328.5871,2023-12-15,11.36,2023-12-15,197095.8961,2023-12-15,0.0,2023-12-15,68840.371,2023-12-15,-211.431
351,2023-12-22,32537.857,2023-12-22,31.9175,2023-12-22,29884140.0,2023-12-22,1328.5871,2023-12-22,11.36,2023-12-22,191954.2641,2023-12-22,0.0,2023-12-22,68840.371,2023-12-22,-211.431
352,2023-12-29,36890.671,2023-12-29,25.0336,2023-12-29,15476950.0,2023-12-29,1328.5871,2023-12-29,17.0,2023-12-29,194385.5785,2023-12-29,0.0,2023-12-29,88881.036,2023-12-29,-211.431
353,2024-01-05,36890.671,2024-01-05,25.233,2024-01-05,24550440.0,2024-01-05,1328.5871,2024-01-05,17.0,2024-01-05,194677.8676,2024-01-05,0.0,2024-01-05,88881.036,2024-01-05,-211.431
354,2024-01-12,36890.671,2024-01-12,25.6716,2024-01-12,29025032.0,2024-01-12,1328.5871,2024-01-12,17.0,2024-01-12,197467.9005,2024-01-12,0.0,2024-01-12,88881.036,2024-01-12,-211.431
355,2024-01-19,36890.671,2024-01-19,24.8973,2024-01-19,32136194.0,2024-01-19,1328.5871,2024-01-19,17.0,2024-01-19,190838.2509,2024-01-19,0.0,2024-01-19,88881.036,2024-01-19,-211.431
356,2024-01-26,36890.671,2024-01-26,24.5171,2024-01-26,32697381.0,2024-01-26,1328.5871,2024-01-26,17.0,2024-01-26,188353.793,2024-01-26,0.0,2024-01-26,88881.036,2024-01-26,-211.431
357,2024-02-02,36890.671,2024-02-02,21.5944,2024-02-02,64096145.0,2024-02-02,1328.5871,2024-02-02,17.0,2024-02-02,165528.6667,2024-02-02,0.0,2024-02-02,88881.036,2024-02-02,-211.431
358,2024-02-09,36890.671,2024-02-09,22.0956,2024-02-09,36186998.0,2024-02-09,1328.5871,2024-02-09,17.0,2024-02-09,169368.2834,2024-02-09,0.0,2024-02-09,88881.036,2024-02-09,-211.431
359,2024-02-16,36890.671,2024-02-16,23.4441,2024-02-16,28622124.0,2024-02-16,1328.5871,2024-02-16,17.0,2024-02-16,179704.691,2024-02-16,0.0,2024-02-16,88881.036,2024-02-16,-211.431
360,2024-02-23,36890.671,2024-02-23,22.1391,2024-02-23,28790656.0,2024-02-23,1328.5871,2024-02-23,17.0,2024-02-23,169647.2867,2024-02-23,0.0,2024-02-23,88881.036,2024-02-23,-211.431
361,2024-03-01,36890.671,2024-03-01,21.9962,2024-03-01,27378328.0,2024-03-01,1328.5871,2024-03-01,17.0,2024-03-01,168531.2735,2024-03-01,0.0,2024-03-01,88881.036,2024-03-01,-211.431
362,2024-03-08,36890.671,2024-03-08,19.1038,2024-03-08,45253714.0,2024-03-08,1328.5871,2024-03-08,17.0,2024-03-08,146596.3005,2024-03-08,0.0,2024-03-08,88881.036,2024-03-08,-211.431
363,2024-03-15,36890.671,2024-03-15,21.456,2024-03-15,53673985.0,2024-03-15,1328.5871,2024-03-15,17.0,2024-03-15,164399.3676,2024-03-15,0.0,2024-03-15,88881.036,2024-03-15,-211.431
364,2024-03-22,36890.671,2024-03-22,21.4235,2024-03-22,98358346.0,2024-03-22,1328.5871,2024-03-22,17.0,2024-03-22,163402.9273,2024-03-22,0.0,2024-03-22,88881.036,2024-03-22,-211.431
365,2024-03-29,21067.179,2024-03-29,15.3887,2024-03-29,37715889.0,2024-03-29,1328.5871,2024-03-29,20.33,2024-03-29,154448.2503,2024-03-29,0.0,2024-03-29,86812.059,2024-03-29,-211.431
366,2024-04-05,21067.179,2024-04-05,15.617,2024-04-05,28115079.0,2024-04-05,1328.5871,2024-04-05,20.33,2024-04-05,156600.5614,2024-04-05,0.0,2024-04-05,86812.059,2024-04-05,-211.431
367,2024-04-12,21067.179,2024-04-12,15.3121,2024-04-12,29269802.0,2024-04-12,1328.5871,2024-04-12,20.33,2024-04-12,153451.8099,2024-04-12,0.0,2024-04-12,86812.059,2024-04-12,-211.431
368,2024-04-19,21067.179,2024-04-19,15.0512,2024-04-19,31221420.0,2024-04-19,1328.5871,2024-04-19,20.33,2024-04-19,150781.3499,2024-04-19,0.0,2024-04-19,86812.059,2024-04-19,-211.431
369,2024-04-26,21067.179,2024-04-26,17.1645,2024-04-26,57075193.0,2024-04-26,1388.77062,2024-04-26,20.33,2024-04-26,179581.9282,2024-04-26,0.0,2024-04-26,86812.059,2024-04-26,-211.431
370,2024-05-03,21067.179,2024-05-03,18.5935,2024-05-03,52285324.0,2024-05-03,1388.77062,2024-05-03,20.33,2024-05-03,194677.8648,2024-05-03,0.0,2024-05-03,86812.059,2024-05-03,-211.431
371,2024-05-10,21067.179,2024-05-10,18.0374,2024-05-10,28517421.0,2024-05-10,1388.77062,2024-05-10,20.33,2024-05-10,189247.7717,2024-05-10,0.0,2024-05-10,86812.059,2024-05-10,-211.431
372,2024-05-17,21067.179,2024-05-17,19.3451,2024-05-17,47185864.0,2024-05-17,1388.77062,2024-05-17,20.33,2024-05-17,203024.3762,2024-05-17,0.0,2024-05-17,86812.059,2024-05-17,-211.431
373,2024-05-24,21067.179,2024-05-24,20.9062,2024-05-24,95782276.0,2024-05-24,1388.77062,2024-05-24,20.33,2024-05-24,218828.5858,2024-05-24,0.0,2024-05-24,86812.059,2024-05-24,-211.431
374,2024-05-31,21067.179,2024-05-31,19.8687,2024-05-31,47596464.0,2024-05-31,1388.77062,2024-05-31,20.33,2024-05-31,208010.0627,2024-05-31,0.0,2024-05-31,86812.059,2024-05-31,-211.431
375,2024-06-07,21067.179,2024-06-07,19.1038,2024-06-07,36846147.0,2024-06-07,1388.77062,2024-06-07,20.33,2024-06-07,199844.0915,2024-06-07,0.0,2024-06-07,86812.059,2024-06-07,-211.431
376,2024-06-14,21067.179,2024-06-14,19.8008,2024-06-14,36119189.0,2024-06-14,1388.77062,2024-06-14,20.33,2024-06-14,206899.0462,2024-06-14,0.0,2024-06-14,86812.059,2024-06-14,-211.431
377,2024-06-21,21067.179,2024-06-21,19.1343,2024-06-21,32314802.0,2024-06-21,1388.77062,2024-06-21,20.33,2024-06-21,199788.5407,2024-06-21,0.0,2024-06-21,86812.059,2024-06-21,-211.431
378,2024-06-28,43792.64,2024-06-28,14.4154,2024-06-28,46125798.0,2024-06-28,1388.77062,2024-06-28,23.14,2024-06-28,184637.0533,2024-06-28,0.0,2024-06-28,97059.531,2024-06-28,-211.431
379,2024-07-05,43792.64,2024-07-05,14.7687,2024-07-05,20163218.0,2024-07-05,1388.77062,2024-07-05,23.14,2024-07-05,189136.6701,2024-07-05,0.0,2024-07-05,97059.531,2024-07-05,-211.431
380,2024-07-12,43792.64,2024-07-12,15.4063,2024-07-12,29285465.0,2024-07-12,1388.77062,2024-07-12,23.14,2024-07-12,197788.711,2024-07-12,0.0,2024-07-12,97059.531,2024-07-12,-211.431
381,2024-07-19,43792.64,2024-07-19,14.4299,2024-07-19,33662918.0,2024-07-19,1388.77062,2024-07-19,23.14,2024-07-19,184762.0426,2024-07-19,0.0,2024-07-19,97059.531,2024-07-19,-211.431
382,2024-07-26,43792.64,2024-07-26,14.1501,2024-07-26,18660180.0,2024-07-26,1388.77062,2024-07-26,23.14,2024-07-26,181651.1964,2024-07-26,0.0,2024-07-26,97059.531,2024-07-26,-211.431
383,2024-08-02,43792.64,2024-08-02,13.6313,2024-08-02,31905172.0,2024-08-02,1388.77062,2024-08-02,23.14,2024-08-02,176943.2641,2024-08-02,0.0,2024-08-02,97059.531,2024-08-02,-211.431
384,2024-08-09,43792.64,2024-08-09,14.7615,2024-08-09,33820258.0,2024-08-09,1388.77062,2024-08-09,23.14,2024-08-09,191705.8957,2024-08-09,0.0,2024-08-09,97059.531,2024-08-09,-211.431
385,2024-08-16,43792.64,2024-08-16,15.9494,2024-08-16,37634752.0,2024-08-16,1388.77062,2024-08-16,23.14,2024-08-16,207329.5651,2024-08-16,0.0,2024-08-16,97059.531,2024-08-16,-211.431
386,2024-08-23,43792.64,2024-08-23,14.8673,2024-08-23,45430737.0,2024-08-23,1388.77062,2024-08-23,23.14,2024-08-23,194247.3459,2024-08-23,0.0,2024-08-23,97059.531,2024-08-23,-211.431
387,2024-08-30,43792.64,2024-08-30,10.1703,2024-08-30,256132258.0,2024-08-30,1388.77062,2024-08-30,23.14,2024-08-30,133474.7438,2024-08-30,0.0,2024-08-30,97059.531,2024-08-30,-211.431
388,2024-09-06,43792.64,2024-09-06,9.8817,2024-09-06,55078094.0,2024-09-06,1388.77062,2024-09-06,23.14,2024-09-06,129572.2984,2024-09-06,0.0,2024-09-06,97059.531,2024-09-06,-211.431
389,2024-09-13,43792.64,2024-09-13,10.053,2024-09-13,54838839.0,2024-09-13,1388.77062,2024-09-13,23.14,2024-09-13,131919.3207,2024-09-13,0.0,2024-09-13,97059.531,2024-09-13,-211.431
390,2024-09-20,43792.64,2024-09-20,10.5035,2024-09-20,39549053.0,2024-09-20,1388.77062,2024-09-20,23.14,2024-09-20,138738.1844,2024-09-20,0.0,2024-09-20,97059.531,2024-09-20,-211.431
391,2024-09-27,43792.64,2024-09-27,14.1614,2024-09-27,137244371.0,2024-09-27,1388.77062,2024-09-27,23.14,2024-09-27,188011.7659,2024-09-27,0.0,2024-09-27,97059.531,2024-09-27,-211.431
392,2024-10-04,27522.313,2024-10-04,14.7659,2024-10-04,134255872.0,2024-10-04,1388.77062,2024-10-04,18.02,2024-10-04,214245.6428,2024-10-04,0.0,2024-10-04,99354.401,2024-10-04,-211.431
393,2024-10-11,27522.313,2024-10-11,13.9496,2024-10-11,81782047.0,2024-10-11,1388.77062,2024-10-11,18.02,2024-10-11,201038.4342,2024-10-11,0.0,2024-10-11,99354.401,2024-10-11,-211.431
394,2024-10-18,27522.313,2024-10-18,12.0695,2024-10-18,66640018.0,2024-10-18,1388.77062,2024-10-18,18.02,2024-10-18,173068.594,2024-10-18,0.0,2024-10-18,99354.401,2024-10-18,-211.431
395,2024-10-25,27522.313,2024-10-25,11.8929,2024-10-25,45463320.0,2024-10-25,1388.77062,2024-10-25,18.02,2024-10-25,170082.7372,2024-10-25,0.0,2024-10-25,99354.401,2024-10-25,-211.431
396,2024-11-01,27522.313,2024-11-01,11.7179,2024-11-01,32806503.0,2024-11-01,1388.77062,2024-11-01,18.02,2024-11-01,167430.1853,2024-11-01,0.0,2024-11-01,99354.401,2024-11-01,-211.431
397,2024-11-08,27522.313,2024-11-08,11.5419,2024-11-08,46440565.0,2024-11-08,1388.77062,2024-11-08,18.02,2024-11-08,163611.0662,2024-11-08,0.0,2024-11-08,99354.401,2024-11-08,-211.431
398,2024-11-15,27522.313,2024-11-15,11.24,2024-11-15,39561094.0,2024-11-15,1388.77062,2024-11-15,18.02,2024-11-15,158319.8501,2024-11-15,0.0,2024-11-15,99354.401,2024-11-15,-211.431
399,2024-11-22,27522.313,2024-11-22,9.8911,2024-11-22,85571422.0,2024-11-22,1388.77062,2024-11-22,18.02,2024-11-22,138974.2754,2024-11-22,0.0,2024-11-22,99354.401,2024-11-22,-211.431
400,2024-11-29,27522.313,2024-11-29,9.5428,2024-11-29,37842567.0,2024-11-29,1388.77062,2024-11-29,18.02,2024-11-29,134099.6906,2024-11-29,0.0,2024-11-29,99354.401,2024-11-29,-211.431
401,2024-12-06,27522.313,2024-12-06,9.9053,2024-12-06,46545205.0,2024-12-06,1388.77062,2024-12-06,18.02,2024-12-06,138724.2967,2024-12-06,0.0,2024-12-06,99354.401,2024-12-06,-211.431
402,2024-12-13,27522.313,2024-12-13,10.1443,2024-12-13,65112087.0,2024-12-13,1388.77062,2024-12-13,18.02,2024-12-13,142029.5708,2024-12-13,0.0,2024-12-13,99354.401,2024-12-13,-211.431
403,2024-12-20,27522.313,2024-12-20,9.9005,2024-12-20,54872333.0,2024-12-20,1388.77062,2024-12-20,18.02,2024-12-20,138196.5639,2024-12-20,0.0,2024-12-20,99354.401,2024-12-20,-211.431
404,2024-12-27,27522.313,2024-12-27,9.6988,2024-12-27,18104359.0,2024-12-27,1388.77062,2024-12-27,18.02,2024-12-27,135335.6964,2024-12-27,0.0,2024-12-27,99354.401,2024-12-27,-211.431
405,2025-01-03,29547.16,2025-01-03,9.3239,2025-01-03,33394493.0,2025-01-03,1388.77062,2025-01-03,19.76,2025-01-03,134460.7709,2025-01-03,0.0,2025-01-03,110610.106,2025-01-03,-211.431
406,2025-01-10,29547.16,2025-01-10,9.1317,2025-01-10,31940269.0,2025-01-10,1388.77062,2025-01-10,19.76,2025-01-10,131488.8018,2025-01-10,0.0,2025-01-10,110610.106,2025-01-10,-211.431
407,2025-01-17,29547.16,2025-01-17,10.172,2025-01-17,38239154.0,2025-01-17,1388.77062,2025-01-17,19.76,2025-01-17,146612.5138,2025-01-17,0.0,2025-01-17,110610.106,2025-01-17,-211.431
408,2025-01-24,29547.16,2025-01-24,10.6046,2025-01-24,32203863.0,2025-01-24,1388.77062,2025-01-24,19.76,2025-01-24,154625.7203,2025-01-24,0.0,2025-01-24,110610.106,2025-01-24,-211.431
409,2025-01-31,29547.16,2025-01-31,10.664,2025-01-31,37624877.0,2025-01-31,1388.77062,2025-01-31,19.76,2025-01-31,155417.3195,2025-01-31,0.0,2025-01-31,110610.106,2025-01-31,-211.431
410,2025-02-07,29547.16,2025-02-07,10.964,2025-02-07,54195729.0,2025-02-07,1388.77062,2025-02-07,19.76,2025-02-07,158694.8182,2025-02-07,0.0,2025-02-07,110610.106,2025-02-07,-211.431
411,2025-02-14,29547.16,2025-02-14,11.8476,2025-02-14,42569201.0,2025-02-14,1388.77062,2025-02-14,19.76,2025-02-14,172429.7596,2025-02-14,0.0,2025-02-14,110610.106,2025-02-14,-211.431
412,2025-02-21,29547.16,2025-02-21,12.5276,2025-02-21,49763057.0,2025-02-21,1388.77062,2025-02-21,19.76,2025-02-21,182401.1326,2025-02-21,0.0,2025-02-21,110610.106,2025-02-21,-211.431
413,2025-02-28,29547.16,2025-02-28,10.8803,2025-02-28,55336837.0,2025-02-28,1388.77062,2025-02-28,19.76,2025-02-28,157889.3312,2025-02-28,0.0,2025-02-28,110610.106,2025-02-28,-211.431
414,2025-03-07,29547.16,2025-03-07,11.4262,2025-03-07,34388114.0,2025-03-07,1388.77062,2025-03-07,19.76,2025-03-07,166541.3722,2025-03-07,0.0,2025-03-07,110610.106,2025-03-07,-211.431
415,2025-03-14,29547.16,2025-03-14,11.6657,2025-03-14,32741545.0,2025-03-14,1388.77062,2025-03-14,19.76,2025-03-14,170179.9512,2025-03-14,0.0,2025-03-14,110610.106,2025-03-14,-211.431
416,2025-03-21,29547.16,2025-03-21,12.0791,2025-03-21,78905036.0,2025-03-21,1388.77062,2025-03-21,19.76,2025-03-21,175873.9107,2025-03-21,0.0,2025-03-21,110610.106,2025-03-21,-211.431
417,2025-03-28,29547.16,2025-03-28,11.5053,2025-03-28,35910207.0,2025-03-28,1388.77062,2025-03-28,19.76,2025-03-28,167277.4206,2025-03-28,0.0,2025-03-28,110610.106,2025-03-28,-211.431
418,2025-04-04,,2025-04-04,11.3284,2025-04-04,59475309.0,2025-04-04,1388.77062,2025-04-04,10.59,2025-04-04,144723.7858,2025-04-04,0.0,2025-04-04,95672.175,2025-04-04,
419,2025-04-11,,2025-04-11,9.8518,2025-04-11,124936098.0,2025-04-11,1388.77062,2025-04-11,,2025-04-11,125683.7407,2025-04-11,,2025-04-11,,2025-04-11,
420,2025-04-18,,2025-04-18,10.2088,2025-04-18,52322167.0,2025-04-18,1388.77062,2025-04-18,,2025-04-18,130113.9189,2025-04-18,,2025-04-18,,2025-04-18,
421,2025-04-25,,2025-04-25,11.3144,2025-04-25,46527286.0,2025-04-25,1388.77062,2025-04-25,,2025-04-25,144446.0317,2025-04-25,,2025-04-25,,2025-04-25,
422,2025-05-02,,2025-05-02,12.0398,2025-05-02,27587340.0,2025-05-02,1419.64646,2025-05-02,,2025-05-02,157467.1856,2025-05-02,,2025-05-02,,2025-05-02,
423,2025-05-09,,2025-05-09,11.8464,2025-05-09,22865217.0,2025-05-09,1419.64646,2025-05-09,,2025-05-09,155664.2346,2025-05-09,,2025-05-09,,2025-05-09,
424,2025-05-16,,2025-05-16,12.6592,2025-05-16,45429388.0,2025-05-16,1419.64646,2025-05-16,,2025-05-16,166964.6204,2025-05-16,,2025-05-16,,2025-05-16,
425,2025-05-23,,2025-05-23,12.7819,2025-05-23,28994537.0,2025-05-23,1419.64646,2025-05-23,,2025-05-23,169278.6441,2025-05-23,,2025-05-23,,2025-05-23,
426,2025-05-30,,2025-05-30,10.3713,2025-05-30,102409624.0,2025-05-30,1419.64646,2025-05-30,,2025-05-30,137010.08,2025-05-30,,2025-05-30,,2025-05-30,
427,2025-06-06,,2025-06-06,10.8,2025-06-06,36821049.0,2025-06-06,1419.64646,2025-06-06,,2025-06-06,142816.4341,2025-06-06,,2025-06-06,,2025-06-06,
428,2025-06-13,,2025-06-13,10.7836,2025-06-13,31836688.0,2025-06-13,1419.64646,2025-06-13,,2025-06-13,142788.0411,2025-06-13,,2025-06-13,,2025-06-13,
429,2025-06-20,,2025-06-20,10.8482,2025-06-20,27908727.0,2025-06-20,1419.64646,2025-06-20,,2025-06-20,143682.4184,2025-06-20,,2025-06-20,,2025-06-20,
430,2025-06-27,,2025-06-27,11.2557,2025-06-27,30196408.0,2025-06-27,1419.64646,2025-06-27,,2025-06-27,149261.629,2025-06-27,,2025-06-27,,2025-06-27,
431,2025-07-04,,2025-07-04,11.0881,2025-07-04,16331278.0,2025-07-04,1419.64646,2025-07-04,,2025-07-04,147061.177,2025-07-04,,2025-07-04,,2025-07-04,
432,2025-07-11,,2025-07-11,11.227,2025-07-11,22989743.0,2025-07-11,1419.64646,2025-07-11,,2025-07-11,148935.1103,2025-07-11,,2025-07-11,,2025-07-11,
433,2025-07-18,,2025-07-18,11.674,2025-07-18,36030503.0,2025-07-18,1419.64646,2025-07-18,,2025-07-18,154741.4644,2025-07-18,,2025-07-18,,2025-07-18,
434,2025-07-25,,2025-07-25,12.6769,2025-07-25,43099614.0,2025-07-25,1419.64646,2025-07-25,,2025-07-25,168157.1234,2025-07-25,,2025-07-25,,2025-07-25,
435,2025-08-01,,2025-08-01,11.8171,2025-08-01,32551104.0,2025-08-01,1419.64646,2025-08-01,,2025-08-01,156246.2896,2025-08-01,,2025-08-01,,2025-08-01,
436,2025-08-08,,2025-08-08,12.2483,2025-08-08,17999358.0,2025-08-08,1419.64646,2025-08-08,,2025-08-08,162123.6216,2025-08-08,,2025-08-08,,2025-08-08,
437,,,,,,,,,,,,,,,,,,
438,,,,,,,,,,,,,,,,,,
439,,,,,,,,,,,,,,,,,,
440,,,,,,,,,,,,,,,,,,
441,,,,,,,,,,,,,,,,,,
442,,,,,,,,,,,,,,,,,,
443,,,,,,,,,,,,,,,,,,
444,,,,,,,,,,,,,,,,,,
445,,,,,,,,,,,,,,,,,,
446,,,,,,,,,,,,,,,,,,
447,,,,,,,,,,,,,,,,,,
448,,,,,,,,,,,,,,,,,,
449,,,,,,,,,,,,,,,,,,
450,,,,,,,,,,,,,,,,,,
451,,,,,,,,,,,,,,,,,,
452,,,,,,,,,,,,,,,,,,
453,,,,,,,,,,,,,,,,,,
454,,,,,,,,,,,,,,,,,,
455,,,,,,,,,,,,,,,,,,
456,,,,,,,,,,,,,,,,,,
457,,,,,,,,,,,,,,,,,,
458,,,,,,,,,,,,,,,,,,
459,,,,,,,,,,,,,,,,,,
460,,,,,,,,,,,,,,,,,,
461,,,,,,,,,,,,,,,,,,
462,,,,,,,,,,,,,,,,,,
463,,,,,,,,,,,,,,,,,,
464,,,,,,,,,,,,,,,,,,
465,,,,,,,,,,,,,,,,,,
466,,,,,,,,,,,,,,,,,,
467,,,,,,,,,,,,,,,,,,
468,,,,,,,,,,,,,,,,,,
469,,,,,,,,,,,,,,,,,,
470,,,,,,,,,,,,,,,,,,
471,,,,,,,,,,,,,,,,,,
472,,,,,,,,,,,,,,,,,,
473,,,,,,,,,,,,,,,,,,
474,,,,,,,,,,,,,,,,,,
475,,,,,,,,,,,,,,,,,,
476,,,,,,,,,,,,,,,,,,
477,,,,,,,,,,,,,,,,,,
478,,,,,,,,,,,,,,,,,,
479,,,,,,,,,,,,,,,,,,
480,,,,,,,,,,,,,,,,,,
481,,,,,,,,,,,,,,,,,,
482,,,,,,,,,,,,,,,,,,
483,,,,,,,,,,,,,,,,,,
484,,,,,,,,,,,,,,,,,,
485,,,,,,,,,,,,,,,,,,
486,,,,,,,,,,,,,,,,,,
487,,,,,,,,,,,,,,,,,,
488,,,,,,,,,,,,,,,,,,
489,,,,,,,,,,,,,,,,,,
490,,,,,,,,,,,,,,,,,,
491,,,,,,,,,,,,,,,,,,
492,,,,,,,,,,,,,,,,,,
493,,,,,,,,,,,,,,,,,,
494,,,,,,,,,,,,,,,,,,
495,,,,,,,,,,,,,,,,,,
496,,,,,,,,,,,,,,,,,,
497,,,,,,,,,,,,,,,,,,
498,,,,,,,,,,,,,,,,,,
499,,,,,,,,,,,,,,,,,,
500,,,,,,,,,,,,,,,,,,
501,,,,,,,,,,,,,,,,,,
502,,,,,,,,,,,,,,,,,,
503,,,,,,,,,,,,,,,,,,
504,,,,,,,,,,,,,,,,,,
505,,,,,,,,,,,,,,,,,,
506,,,,,,,,,,,,,,,,,,
507,,,,,,,,,,,,,,,,,,
508,,,,,,,,,,,,,,,,,,
509,,,,,,,,,,,,,,,,,,
510,,,,,,,,,,,,,,,,,,
511,,,,,,,,,,,,,,,,,,
512,,,,,,,,,,,,,,,,,,
513,,,,,,,,,,,,,,,,,,
514,,,,,,,,,,,,,,,,,,
515,,,,,,,,,,,,,,,,,,
516,,,,,,,,,,,,,,,,,,
517,,,,,,,,,,,,,,,,,,
518,,,,,,,,,,,,,,,,,,
519,,,,,,,,,,,,,,,,,,
520,,,,,,,,,,,,,,,,,,
521,,,,,,,,,,,,,,,,,,
522,,,,,,,,,,,,,,,,,,
523,,,,,,,,,,,,,,,,,,
524,,,,,,,,,,,,,,,,,,
525,,,,,,,,,,,,,,,,,,
526,,,,,,,,,,,,,,,,,,
527,,,,,,,,,,,,,,,,,,
528,,,,,,,,,,,,,,,,,,
529,,,,,,,,,,,,,,,,,,
530,,,,,,,,,,,,,,,,,,
531,,,,,,,,,,,,,,,,,,
532,,,,,,,,,,,,,,,,,,
533,,,,,,,,,,,,,,,,,,
534,,,,,,,,,,,,,,,,,,
535,,,,,,,,,,,,,,,,,,
536,,,,,,,,,,,,,,,,,,
537,,,,,,,,,,,,,,,,,,
538,,,,,,,,,,,,,,,,,,
539,,,,,,,,,,,,,,,,,,
540,,,,,,,,,,,,,,,,,,
541,,,,,,,,,,,,,,,,,,
542,,,,,,,,,,,,,,,,,,
543,,,,,,,,,,,,,,,,,,
544,,,,,,,,,,,,,,,,,,
545,,,,,,,,,,,,,,,,,,
546,,,,,,,,,,,,,,,,,,
547,,,,,,,,,,,,,,,,,,
548,,,,,,,,,,,,,,,,,,
549,,,,,,,,,,,,,,,,,,
550,,,,,,,,,,,,,,,,,,
551,,,,,,,,,,,,,,,,,,
552,,,,,,,,,,,,,,,,,,
553,,,,,,,,,,,,,,,,,,
554,,,,,,,,,,,,,,,,,,
555,,,,,,,,,,,,,,,,,,
556,,,,,,,,,,,,,,,,,,
557,,,,,,,,,,,,,,,,,,
558,,,,,,,,,,,,,,,,,,
559,,,,,,,,,,,,,,,,,,
560,,,,,,,,,,,,,,,,,,
561,,,,,,,,,,,,,,,,,,
562,,,,,,,,,,,,,,,,,,
563,,,,,,,,,,,,,,,,,,
564,,,,,,,,,,,,,,,,,,
565,,,,,,,,,,,,,,,,,,
566,,,,,,,,,,,,,,,,,,
567,,,,,,,,,,,,,,,,,,
568,,,,,,,,,,,,,,,,,,
569,,,,,,,,,,,,,,,,,,
570,,,,,,,,,,,,,,,,,,
571,,,,,,,,,,,,,,,,,,
572,,,,,,,,,,,,,,,,,,
573,,,,,,,,,,,,,,,,,,
574,,,,,,,,,,,,,,,,,,
575,,,,,,,,,,,,,,,,,,
576,,,,,,,,,,,,,,,,,,
577,,,,,,,,,,,,,,,,,,
578,,,,,,,,,,,,,,,,,,
579,,,,,,,,,,,,,,,,,,
580,,,,,,,,,,,,,,,,,,
581,,,,,,,,,,,,,,,,,,
582,,,,,,,,,,,,,,,,,,
583,,,,,,,,,,,,,,,,,,
584,,,,,,,,,,,,,,,,,,
585,,,,,,,,,,,,,,,,,,
586,,,,,,,,,,,,,,,,,,
587,,,,,,,,,,,,,,,,,,
588,,,,,,,,,,,,,,,,,,
589,,,,,,,,,,,,,,,,,,
590,,,,,,,,,,,,,,,,,,
591,,,,,,,,,,,,,,,,,,
592,,,,,,,,,,,,,,,,,,
593,,,,,,,,,,,,,,,,,,
594,,,,,,,,,,,,,,,,,,
595,,,,,,,,,,,,,,,,,,
596,,,,,,,,,,,,,,,,,,
597,,,,,,,,,,,,,,,,,,
598,,,,,,,,,,,,,,,,,,
599,,,,,,,,,,,,,,,,,,
600,,,,,,,,,,,,,,,,,,
601,,,,,,,,,,,,,,,,,,
602,,,,,,,,,,,,,,,,,,
603,,,,,,,,,,,,,,,,,,
604,,,,,,,,,,,,,,,,,,
605,,,,,,,,,,,,,,,,,,
606,,,,,,,,,,,,,,,,,,
607,,,,,,,,,,,,,,,,,,
608,,,,,,,,,,,,,,,,,,
609,,,,,,,,,,,,,,,,,,
610,,,,,,,,,,,,,,,,,,
611,,,,,,,,,,,,,,,,,,
612,,,,,,,,,,,,,,,,,,
613,,,,,,,,,,,,,,,,,,
614,,,,,,,,,,,,,,,,,,
615,,,,,,,,,,,,,,,,,,
616,,,,,,,,,,,,,,,,,,
617,,,,,,,,,,,,,,,,,,
618,,,,,,,,,,,,,,,,,,
619,,,,,,,,,,,,,,,,,,
620,,,,,,,,,,,,,,,,,,
621,,,,,,,,,,,,,,,,,,
622,,,,,,,,,,,,,,,,,,
623,,,,,,,,,,,,,,,,,,
624,,,,,,,,,,,,,,,,,,
625,,,,,,,,,,,,,,,,,,
626,,,,,,,,,,,,,,,,,,
627,,,,,,,,,,,,,,,,,,
628,,,,,,,,,,,,,,,,,,
629,,,,,,,,,,,,,,,,,,
630,,,,,,,,,,,,,,,,,,
631,,,,,,,,,,,,,,,,,,
632,,,,,,,,,,,,,,,,,,
633,,,,,,,,,,,,,,,,,,
634,,,,,,,,,,,,,,,,,,
635,,,,,,,,,,,,,,,,,,
636,,,,,,,,,,,,,,,,,,
637,,,,,,,,,,,,,,,,,,
638,,,,,,,,,,,,,,,,,,
639,,,,,,,,,,,,,,,,,,
640,,,,,,,,,,,,,,,,,,
641,,,,,,,,,,,,,,,,,,
642,,,,,,,,,,,,,,,,,,
643,,,,,,,,,,,,,,,,,,
644,,,,,,,,,,,,,,,,,,
645,,,,,,,,,,,,,,,,,,
646,,,,,,,,,,,,,,,,,,
647,,,,,,,,,,,,,,,,,,
648,,,,,,,,,,,,,,,,,,
649,,,,,,,,,,,,,,,,,,
650,,,,,,,,,,,,,,,,,,
651,,,,,,,,,,,,,,,,,,
652,,,,,,,,,,,,,,,,,,
653,,,,,,,,,,,,,,,,,,
654,,,,,,,,,,,,,,,,,,
655,,,,,,,,,,,,,,,,,,
656,,,,,,,,,,,,,,,,,,
657,,,,,,,,,,,,,,,,,,
658,,,,,,,,,,,,,,,,,,
659,,,,,,,,,,,,,,,,,,
660,,,,,,,,,,,,,,,,,,
661,,,,,,,,,,,,,,,,,,
662,,,,,,,,,,,,,,,,,,
663,,,,,,,,,,,,,,,,,,
664,,,,,,,,,,,,,,,,,,
665,,,,,,,,,,,,,,,,,,
666,,,,,,,,,,,,,,,,,,
667,,,,,,,,,,,,,,,,,,
668,,,,,,,,,,,,,,,,,,
669,,,,,,,,,,,,,,,,,,
670,,,,,,,,,,,,,,,,,,
671,,,,,,,,,,,,,,,,,,
672,,,,,,,,,,,,,,,,,,
673,,,,,,,,,,,,,,,,,,
674,,,,,,,,,,,,,,,,,,
675,,,,,,,,,,,,,,,,,,
676,,,,,,,,,,,,,,,,,,
677,,,,,,,,,,,,,,,,,,
678,,,,,,,,,,,,,,,,,,
679,,,,,,,,,,,,,,,,,,
680,,,,,,,,,,,,,,,,,,
681,,,,,,,,,,,,,,,,,,
682,,,,,,,,,,,,,,,,,,
683,,,,,,,,,,,,,,,,,,
684,,,,,,,,,,,,,,,,,,
685,,,,,,,,,,,,,,,,,,
686,,,,,,,,,,,,,,,,,,
687,,,,,,,,,,,,,,,,,,
688,,,,,,,,,,,,,,,,,,
689,,,,,,,,,,,,,,,,,,
690,,,,,,,,,,,,,,,,,,
691,,,,,,,,,,,,,,,,,,
692,,,,,,,,,,,,,,,,,,
693,,,,,,,,,,,,,,,,,,
694,,,,,,,,,,,,,,,,,,
695,,,,,,,,,,,,,,,,,,
696,,,,,,,,,,,,,,,,,,
697,,,,,,,,,,,,,,,,,,
698,,,,,,,,,,,,,,,,,,
699,,,,,,,,,,,,,,,,,,
700,,,,,,,,,,,,,,,,,,
701,,,,,,,,,,,,,,,,,,
702,,,,,,,,,,,,,,,,,,
703,,,,,,,,,,,,,,,,,,
704,,,,,,,,,,,,,,,,,,
705,,,,,,,,,,,,,,,,,,
706,,,,,,,,,,,,,,,,,,
707,,,,,,,,,,,,,,,,,,
708,,,,,,,,,,,,,,,,,,
709,,,,,,,,,,,,,,,,,,
710,,,,,,,,,,,,,,,,,,
711,,,,,,,,,,,,,,,,,,
712,,,,,,,,,,,,,,,,,,
713,,,,,,,,,,,,,,,,,,
714,,,,,,,,,,,,,,,,,,
715,,,,,,,,,,,,,,,,,,
716,,,,,,,,,,,,,,,,,,
717,,,,,,,,,,,,,,,,,,
718,,,,,,,,,,,,,,,,,,
719,,,,,,,,,,,,,,,,,,
720,,,,,,,,,,,,,,,,,,
721,,,,,,,,,,,,,,,,,,
722,,,,,,,,,,,,,,,,,,
723,,,,,,,,,,,,,,,,,,
724,,,,,,,,,,,,,,,,,,
725,,,,,,,,,,,,,,,,,,
726,,,,,,,,,,,,,,,,,,
727,,,,,,,,,,,,,,,,,,
728,,,,,,,,,,,,,,,,,,
729,,,,,,,,,,,,,,,,,,
730,,,,,,,,,,,,,,,,,,
731,,,,,,,,,,,,,,,,,,
732,,,,,,,,,,,,,,,,,,
733,,,,,,,,,,,,,,,,,,
734,,,,,,,,,,,,,,,,,,
735,,,,,,,,,,,,,,,,,,
736,,,,,,,,,,,,,,,,,,
737,,,,,,,,,,,,,,,,,,
738,,,,,,,,,,,,,,,,,,
739,,,,,,,,,,,,,,,,,,
740,,,,,,,,,,,,,,,,,,
741,,,,,,,,,,,,,,,,,,
742,,,,,,,,,,,,,,,,,,
743,,,,,,,,,,,,,,,,,,
744,,,,,,,,,,,,,,,,,,
745,,,,,,,,,,,,,,,,,,
746,,,,,,,,,,,,,,,,,,
747,,,,,,,,,,,,,,,,,,
748,,,,,,,,,,,,,,,,,,
749,,,,,,,,,,,,,,,,,,
750,,,,,,,,,,,,,,,,,,
751,,,,,,,,,,,,,,,,,,
752,,,,,,,,,,,,,,,,,,
753,,,,,,,,,,,,,,,,,,
754,,,,,,,,,,,,,,,,,,
755,,,,,,,,,,,,,,,,,,
756,,,,,,,,,,,,,,,,,,
757,,,,,,,,,,,,,,,,,,
758,,,,,,,,,,,,,,,,,,
759,,,,,,,,,,,,,,,,,,
760,,,,,,,,,,,,,,,,,,
761,,,,,,,,,,,,,,,,,,
762,,,,,,,,,,,,,,,,,,
763,,,,,,,,,,,,,,,,,,
764,,,,,,,,,,,,,,,,,,
765,,,,,,,,,,,,,,,,,,
766,,,,,,,,,,,,,,,,,,
767,,,,,,,,,,,,,,,,,,
768,,,,,,,,,,,,,,,,,,
769,,,,,,,,,,,,,,,,,,
770,,,,,,,,,,,,,,,,,,
771,,,,,,,,,,,,,,,,,,
772,,,,,,,,,,,,,,,,,,
773,,,,,,,,,,,,,,,,,,
774,,,,,,,,,,,,,,,,,,
775,,,,,,,,,,,,,,,,,,
776,,,,,,,,,,,,,,,,,,
777,,,,,,,,,,,,,,,,,,
778,,,,,,,,,,,,,,,,,,
779,,,,,,,,,,,,,,,,,,
780,,,,,,,,,,,,,,,,,,
781,,,,,,,,,,,,,,,,,,
782,,,,,,,,,,,,,,,,,,
783,,,,,,,,,,,,,,,,,,
784,,,,,,,,,,,,,,,,,,
785,,,,,,,,,,,,,,,,,,
786,,,,,,,,,,,,,,,,,,
787,,,,,,,,,,,,,,,,,,
788,,,,,,,,,,,,,,,,,,
789,,,,,,,,,,,,,,,,,,
790,,,,,,,,,,,,,,,,,,
791,,,,,,,,,,,,,,,,,,
792,,,,,,,,,,,,,,,,,,
793,,,,,,,,,,,,,,,,,,
794,,,,,,,,,,,,,,,,,,
795,,,,,,,,,,,,,,,,,,
796,,,,,,,,,,,,,,,,,,
797,,,,,,,,,,,,,,,,,,
798,,,,,,,,,,,,,,,,,,
799,,,,,,,,,,,,,,,,,,
800,,,,,,,,,,,,,,,,,,
801,,,,,,,,,,,,,,,,,,
802,,,,,,,,,,,,,,,,,,
803,,,,,,,,,,,,,,,,,,
804,,,,,,,,,,,,,,,,,,
805,,,,,,,,,,,,,,,,,,
806,,,,,,,,,,,,,,,,,,
807,,,,,,,,,,,,,,,,,,
808,,,,,,,,,,,,,,,,,,
809,,,,,,,,,,,,,,,,,,
810,,,,,,,,,,,,,,,,,,
811,,,,,,,,,,,,,,,,,,
812,,,,,,,,,,,,,,,,,,
813,,,,,,,,,,,,,,,,,,
814,,,,,,,,,,,,,,,,,,
815,,,,,,,,,,,,,,,,,,
816,,,,,,,,,,,,,,,,,,
817,,,,,,,,,,,,,,,,,,
818,,,,,,,,,,,,,,,,,,
819,,,,,,,,,,,,,,,,,,
820,,,,,,,,,,,,,,,,,,
821,,,,,,,,,,,,,,,,,,
822,,,,,,,,,,,,,,,,,,
823,,,,,,,,,,,,,,,,,,
824,,,,,,,,,,,,,,,,,,
825,,,,,,,,,,,,,,,,,,
826,,,,,,,,,,,,,,,,,,
827,,,,,,,,,,,,,,,,,,
828,,,,,,,,,,,,,,,,,,
829,,,,,,,,,,,,,,,,,,
830,,,,,,,,,,,,,,,,,,
831,,,,,,,,,,,,,,,,,,
832,,,,,,,,,,,,,,,,,,
833,,,,,,,,,,,,,,,,,,
834,,,,,,,,,,,,,,,,,,
835,,,,,,,,,,,,,,,,,,
836,,,,,,,,,,,,,,,,,,
837,,,,,,,,,,,,,,,,,,
838,,,,,,,,,,,,,,,,,,
839,,,,,,,,,,,,,,,,,,
840,,,,,,,,,,,,,,,,,,
841,,,,,,,,,,,,,,,,,,
842,,,,,,,,,,,,,,,,,,
843,,,,,,,,,,,,,,,,,,
844,,,,,,,,,,,,,,,,,,
845,,,,,,,,,,,,,,,,,,
846,,,,,,,,,,,,,,,,,,
847,,,,,,,,,,,,,,,,,,
848,,,,,,,,,,,,,,,,,,
849,,,,,,,,,,,,,,,,,,
850,,,,,,,,,,,,,,,,,,
851,,,,,,,,,,,,,,,,,,
852,,,,,,,,,,,,,,,,,,
853,,,,,,,,,,,,,,,,,,
854,,,,,,,,,,,,,,,,,,
855,,,,,,,,,,,,,,,,,,
856,,,,,,,,,,,,,,,,,,
857,,,,,,,,,,,,,,,,,,
858,,,,,,,,,,,,,,,,,,
859,,,,,,,,,,,,,,,,,,
860,,,,,,,,,,,,,,,,,,
861,,,,,,,,,,,,,,,,,,
862,,,,,,,,,,,,,,,,,,
863,,,,,,,,,,,,,,,,,,
864,,,,,,,,,,,,,,,,,,
865,,,,,,,,,,,,,,,,,,
866,,,,,,,,,,,,,,,,,,
867,,,,,,,,,,,,,,,,,,
868,,,,,,,,,,,,,,,,,,
869,,,,,,,,,,,,,,,,,,
870,,,,,,,,,,,,,,,,,,
871,,,,,,,,,,,,,,,,,,
872,,,,,,,,,,,,,,,,,,
873,,,,,,,,,,,,,,,,,,
874,,,,,,,,,,,,,,,,,,
875,,,,,,,,,,,,,,,,,,
876,,,,,,,,,,,,,,,,,,
877,,,,,,,,,,,,,,,,,,
878,,,,,,,,,,,,,,,,,,
879,,,,,,,,,,,,,,,,,,
880,,,,,,,,,,,,,,,,,,
881,,,,,,,,,,,,,,,,,,
882,,,,,,,,,,,,,,,,,,
883,,,,,,,,,,,,,,,,,,
884,,,,,,,,,,,,,,,,,,
885,,,,,,,,,,,,,,,,,,
886,,,,,,,,,,,,,,,,,,
887,,,,,,,,,,,,,,,,,,
888,,,,,,,,,,,,,,,,,,
889,,,,,,,,,,,,,,,,,,
890,,,,,,,,,,,,,,,,,,
891,,,,,,,,,,,,,,,,,,
892,,,,,,,,,,,,,,,,,,
893,,,,,,,,,,,,,,,,,,
894,,,,,,,,,,,,,,,,,,
895,,,,,,,,,,,,,,,,,,
896,,,,,,,,,,,,,,,,,,
897,,,,,,,,,,,,,,,,,,
898,,,,,,,,,,,,,,,,,,
899,,,,,,,,,,,,,,,,,,
900,,,,,,,,,,,,,,,,,,
901,,,,,,,,,,,,,,,,,,
902,,,,,,,,,,,,,,,,,,
903,,,,,,,,,,,,,,,,,,
904,,,,,,,,,,,,,,,,,,
905,,,,,,,,,,,,,,,,,,
906,,,,,,,,,,,,,,,,,,
907,,,,,,,,,,,,,,,,,,
908,,,,,,,,,,,,,,,,,,
909,,,,,,,,,,,,,,,,,,
910,,,,,,,,,,,,,,,,,,
911,,,,,,,,,,,,,,,,,,
912,,,,,,,,,,,,,,,,,,
913,,,,,,,,,,,,,,,,,,
914,,,,,,,,,,,,,,,,,,
915,,,,,,,,,,,,,,,,,,
916,,,,,,,,,,,,,,,,,,
917,,,,,,,,,,,,,,,,,,
918,,,,,,,,,,,,,,,,,,
919,,,,,,,,,,,,,,,,,,
920,,,,,,,,,,,,,,,,,,
921,,,,,,,,,,,,,,,,,,
922,,,,,,,,,,,,,,,,,,
923,,,,,,,,,,,,,,,,,,
924,,,,,,,,,,,,,,,,,,
925,,,,,,,,,,,,,,,,,,
926,,,,,,,,,,,,,,,,,,
927,,,,,,,,,,,,,,,,,,
928,,,,,,,,,,,,,,,,,,
929,,,,,,,,,,,,,,,,,,
930,,,,,,,,,,,,,,,,,,
931,,,,,,,,,,,,,,,,,,
932,,,,,,,,,,,,,,,,,,
933,,,,,,,,,,,,,,,,,,
934,,,,,,,,,,,,,,,,,,
935,,,,,,,,,,,,,,,,,,
936,,,,,,,,,,,,,,,,,,
937,,,,,,,,,,,,,,,,,,
938,,,,,,,,,,,,,,,,,,
939,,,,,,,,,,,,,,,,,,
940,,,,,,,,,,,,,,,,,,
941,,,,,,,,,,,,,,,,,,
942,,,,,,,,,,,,,,,,,,
943,,,,,,,,,,,,,,,,,,
944,,,,,,,,,,,,,,,,,,
945,,,,,,,,,,,,,,,,,,
946,,,,,,,,,,,,,,,,,,
947,,,,,,,,,,,,,,,,,,
948,,,,,,,,,,,,,,,,,,
949,,,,,,,,,,,,,,,,,,
950,,,,,,,,,,,,,,,,,,
951,,,,,,,,,,,,,,,,,,
952,,,,,,,,,,,,,,,,,,
953,,,,,,,,,,,,,,,,,,
954,,,,,,,,,,,,,,,,,,
955,,,,,,,,,,,,,,,,,,
956,,,,,,,,,,,,,,,,,,
957,,,,,,,,,,,,,,,,,,
958,,,,,,,,,,,,,,,,,,
959,,,,,,,,,,,,,,,,,,
960,,,,,,,,,,,,,,,,,,
961,,,,,,,,,,,,,,,,,,
962,,,,,,,,,,,,,,,,,,
963,,,,,,,,,,,,,,,,,,
964,,,,,,,,,,,,,,,,,,
965,,,,,,,,,,,,,,,,,,
966,,,,,,,,,,,,,,,,,,
967,,,,,,,,,,,,,,,,,,
968,,,,,,,,,,,,,,,,,,
969,,,,,,,,,,,,,,,,,,
970,,,,,,,,,,,,,,,,,,
971,,,,,,,,,,,,,,,,,,
972,,,,,,,,,,,,,,,,,,
973,,,,,,,,,,,,,,,,,,
974,,,,,,,,,,,,,,,,,,
975,,,,,,,,,,,,,,,,,,
976,,,,,,,,,,,,,,,,,,
977,,,,,,,,,,,,,,,,,,
978,,,,,,,,,,,,,,,,,,
979,,,,,,,,,,,,,,,,,,
980,,,,,,,,,,,,,,,,,,
981,,,,,,,,,,,,,,,,,,
982,,,,,,,,,,,,,,,,,,
983,,,,,,,,,,,,,,,,,,
984,,,,,,,,,,,,,,,,,,
985,,,,,,,,,,,,,,,,,,
986,,,,,,,,,,,,,,,,,,
987,,,,,,,,,,,,,,,,,,
988,,,,,,,,,,,,,,,,,,
989,,,,,,,,,,,,,,,,,,
990,,,,,,,,,,,,,,,,,,
991,,,,,,,,,,,,,,,,,,
992,,,,,,,,,,,,,,,,,,
993,,,,,,,,,,,,,,,,,,
994,,,,,,,,,,,,,,,,,,
995,,,,,,,,,,,,,,,,,,
996,,,,,,,,,,,,,,,,,,
997,,,,,,,,,,,,,,,,,,
998,,,,,,,,,,,,,,,,,,
999,,,,,,,,,,,,,,,,,,
1000,,,,,,,,,,,,,,,,,,
1001,,,,,,,,,,,,,,,,,,
1002,,,,,,,,,,,,,,,,,,
1003,,,,,,,,,,,,,,,,,,
1004,,,,,,,,,,,,,,,,,,
1005,,,,,,,,,,,,,,,,,,
1006,,,,,,,,,,,,,,,,,,
1007,,,,,,,,,,,,,,,,,,
1008,,,,,,,,,,,,,,,,,,
1009,,,,,,,,,,,,,,,,,,
1010,,,,,,,,,,,,,,,,,,
1011,,,,,,,,,,,,,,,,,,
1012,,,,,,,,,,,,,,,,,,
1013,,,,,,,,,,,,,,,,,,
1014,,,,,,,,,,,,,,,,,,
1015,,,,,,,,,,,,,,,,,,
1016,,,,,,,,,,,,,,,,,,
1017,,,,,,,,,,,,,,,,,,
1018,,,,,,,,,,,,,,,,,,
1019,,,,,,,,,,,,,,,,,,
1020,,,,,,,,,,,,,,,,,,
1021,,,,,,,,,,,,,,,,,,
1022,,,,,,,,,,,,,,,,,,
1023,,,,,,,,,,,,,,,,,,
1024,,,,,,,,,,,,,,,,,,
1025,,,,,,,,,,,,,,,,,,
1026,,,,,,,,,,,,,,,,,,
1027,,,,,,,,,,,,,,,,,,
1028,,,,,,,,,,,,,,,,,,
1029,,,,,,,,,,,,,,,,,,
1030,,,,,,,,,,,,,,,,,,
1031,,,,,,,,,,,,,,,,,,
1032,,,,,,,,,,,,,,,,,,
1033,,,,,,,,,,,,,,,,,,
1034,,,,,,,,,,,,,,,,,,
1035,,,,,,,,,,,,,,,,,,
1036,,,,,,,,,,,,,,,,,,
1037,,,,,,,,,,,,,,,,,,
1038,,,,,,,,,,,,,,,,,,
1039,,,,,,,,,,,,,,,,,,
1040,,,,,,,,,,,,,,,,,,
1041,,,,,,,,,,,,,,,,,,
1042,,,,,,,,,,,,,,,,,,
1043,,,,,,,,,,,,,,,,,,
1044,,,,,,,,,,,,,,,,,,
1045,,,,,,,,,,,,,,,,,,
1046,,,,,,,,,,,,,,,,,,
1047,,,,,,,,,,,,,,,,,,
1048,,,,,,,,,,,,,,,,,,
1049,,,,,,,,,,,,,,,,,,
1050,,,,,,,,,,,,,,,,,,
1051,,,,,,,,,,,,,,,,,,
1052,,,,,,,,,,,,,,,,,,
1053,,,,,,,,,,,,,,,,,,
1054,,,,,,,,,,,,,,,,,,
1055,,,,,,,,,,,,,,,,,,
1056,,,,,,,,,,,,,,,,,,
1057,,,,,,,,,,,,,,,,,,
1058,,,,,,,,,,,,,,,,,,
1059,,,,,,,,,,,,,,,,,,
1060,,,,,,,,,,,,,,,,,,
1061,,,,,,,,,,,,,,,,,,
1062,,,,,,,,,,,,,,,,,,
1063,,,,,,,,,,,,,,,,,,
1064,,,,,,,,,,,,,,,,,,
1065,,,,,,,,,,,,,,,,,,
1066,,,,,,,,,,,,,,,,,,
1067,,,,,,,,,,,,,,,,,,
1068,,,,,,,,,,,,,,,,,,
1069,,,,,,,,,,,,,,,,,,
1070,,,,,,,,,,,,,,,,,,
1071,,,,,,,,,,,,,,,,,,
1072,,,,,,,,,,,,,,,,,,
1073,,,,,,,,,,,,,,,,,,
1074,,,,,,,,,,,,,,,,,,
1075,,,,,,,,,,,,,,,,,,
1076,,,,,,,,,,,,,,,,,,
1077,,,,,,,,,,,,,,,,,,
1078,,,,,,,,,,,,,,,,,,
1079,,,,,,,,,,,,,,,,,,
1080,,,,,,,,,,,,,,,,,,
1081,,,,,,,,,,,,,,,,,,
1082,,,,,,,,,,,,,,,,,,
1083,,,,,,,,,,,,,,,,,,
1084,,,,,,,,,,,,,,,,,,
1085,,,,,,,,,,,,,,,,,,
1086,,,,,,,,,,,,,,,,,,
1087,,,,,,,,,,,,,,,,,,
1088,,,,,,,,,,,,,,,,,,
1089,,,,,,,,,,,,,,,,,,
1090,,,,,,,,,,,,,,,,,,
1091,,,,,,,,,,,,,,,,,,
1092,,,,,,,,,,,,,,,,,,
1093,,,,,,,,,,,,,,,,,,
1094,,,,,,,,,,,,,,,,,,
1095,,,,,,,,,,,,,,,,,,
1096,,,,,,,,,,,,,,,,,,
1097,,,,,,,,,,,,,,,,,,
1098,,,,,,,,,,,,,,,,,,
1099,,,,,,,,,,,,,,,,,,
1100,,,,,,,,,,,,,,,,,,
1101,,,,,,,,,,,,,,,,,,
1102,,,,,,,,,,,,,,,,,,
1103,,,,,,,,,,,,,,,,,,
1104,,,,,,,,,,,,,,,,,,
1105,,,,,,,,,,,,,,,,,,
1106,,,,,,,,,,,,,,,,,,
1107,,,,,,,,,,,,,,,,,,
1108,,,,,,,,,,,,,,,,,,
1109,,,,,,,,,,,,,,,,,,
1110,,,,,,,,,,,,,,,,,,
1111,,,,,,,,,,,,,,,,,,
1112,,,,,,,,,,,,,,,,,,
1113,,,,,,,,,,,,,,,,,,
1114,,,,,,,,,,,,,,,,,,
1115,,,,,,,,,,,,,,,,,,
1116,,,,,,,,,,,,,,,,,,
1117,,,,,,,,,,,,,,,,,,
1118,,,,,,,,,,,,,,,,,,
1119,,,,,,,,,,,,,,,,,,
1120,,,,,,,,,,,,,,,,,,
1121,,,,,,,,,,,,,,,,,,
1122,,,,,,,,,,,,,,,,,,
1123,,,,,,,,,,,,,,,,,,
1124,,,,,,,,,,,,,,,,,,
1125,,,,,,,,,,,,,,,,,,
1126,,,,,,,,,,,,,,,,,,
1127,,,,,,,,,,,,,,,,,,
1128,,,,,,,,,,,,,,,,,,
1129,,,,,,,,,,,,,,,,,,
1130,,,,,,,,,,,,,,,,,,
1131,,,,,,,,,,,,,,,,,,
1132,,,,,,,,,,,,,,,,,,
1133,,,,,,,,,,,,,,,,,,
1134,,,,,,,,,,,,,,,,,,
1135,,,,,,,,,,,,,,,,,,
1136,,,,,,,,,,,,,,,,,,
1137,,,,,,,,,,,,,,,,,,
1138,,,,,,,,,,,,,,,,,,
1139,,,,,,,,,,,,,,,,,,
1140,,,,,,,,,,,,,,,,,,
1141,,,,,,,,,,,,,,,,,,
1142,,,,,,,,,,,,,,,,,,
1143,,,,,,,,,,,,,,,,,,
1144,,,,,,,,,,,,,,,,,,
1145,,,,,,,,,,,,,,,,,,
1146,,,,,,,,,,,,,,,,,,
1147,,,,,,,,,,,,,,,,,,
1148,,,,,,,,,,,,,,,,,,
1149,,,,,,,,,,,,,,,,,,
1150,,,,,,,,,,,,,,,,,,
1151,,,,,,,,,,,,,,,,,,
1152,,,,,,,,,,,,,,,,,,
1153,,,,,,,,,,,,,,,,,,
1154,,,,,,,,,,,,,,,,,,
1155,,,,,,,,,,,,,,,,,,
1156,,,,,,,,,,,,,,,,,,
1157,,,,,,,,,,,,,,,,,,
1158,,,,,,,,,,,,,,,,,,
1159,,,,,,,,,,,,,,,,,,
1160,,,,,,,,,,,,,,,,,,
1161,,,,,,,,,,,,,,,,,,
1162,,,,,,,,,,,,,,,,,,
1163,,,,,,,,,,,,,,,,,,
1164,,,,,,,,,,,,,,,,,,
1165,,,,,,,,,,,,,,,,,,
1166,,,,,,,,,,,,,,,,,,
1167,,,,,,,,,,,,,,,,,,
1168,,,,,,,,,,,,,,,,,,
1169,,,,,,,,,,,,,,,,,,
1170,,,,,,,,,,,,,,,,,,
1171,,,,,,,,,,,,,,,,,,
1172,,,,,,,,,,,,,,,,,,
1173,,,,,,,,,,,,,,,,,,
1174,,,,,,,,,,,,,,,,,,
1175,,,,,,,,,,,,,,,,,,
1176,,,,,,,,,,,,,,,,,,
1177,,,,,,,,,,,,,,,,,,
1178,,,,,,,,,,,,,,,,,,
1179,,,,,,,,,,,,,,,,,,
1180,,,,,,,,,,,,,,,,,,
1181,,,,,,,,,,,,,,,,,,
1182,,,,,,,,,,,,,,,,,,
1183,,,,,,,,,,,,,,,,,,
1184,,,,,,,,,,,,,,,,,,
1185,,,,,,,,,,,,,,,,,,
1186,,,,,,,,,,,,,,,,,,
1187,,,,,,,,,,,,,,,,,,
1188,,,,,,,,,,,,,,,,,,
1189,,,,,,,,,,,,,,,,,,
1190,,,,,,,,,,,,,,,,,,
1191,,,,,,,,,,,,,,,,,,
1192,,,,,,,,,,,,,,,,,,
1193,,,,,,,,,,,,,,,,,,
1194,,,,,,,,,,,,,,,,,,
1195,,,,,,,,,,,,,,,,,,
1196,,,,,,,,,,,,,,,,,,
1197,,,,,,,,,,,,,,,,,,
1198,,,,,,,,,,,,,,,,,,
1199,,,,,,,,,,,,,,,,,,
1200,,,,,,,,,,,,,,,,,,
1201,,,,,,,,,,,,,,,,,,
1202,,,,,,,,,,,,,,,,,,
1203,,,,,,,,,,,,,,,,,,
1204,,,,,,,,,,,,,,,,,,
1205,,,,,,,,,,,,,,,,,,
1206,,,,,,,,,,,,,,,,,,
1207,,,,,,,,,,,,,,,,,,
1208,,,,,,,,,,,,,,,,,,
1209,,,,,,,,,,,,,,,,,,
1210,,,,,,,,,,,,,,,,,,
1211,,,,,,,,,,,,,,,,,,
1212,,,,,,,,,,,,,,,,,,
1213,,,,,,,,,,,,,,,,,,
1214,,,,,,,,,,,,,,,,,,
1215,,,,,,,,,,,,,,,,,,
1216,,,,,,,,,,,,,,,,,,
1217,,,,,,,,,,,,,,,,,,
1218,,,,,,,,,,,,,,,,,,
1219,,,,,,,,,,,,,,,,,,
1220,,,,,,,,,,,,,,,,,,
1221,,,,,,,,,,,,,,,,,,
1222,,,,,,,,,,,,,,,,,,
1223,,,,,,,,,,,,,,,,,,
1224,,,,,,,,,,,,,,,,,,
1225,,,,,,,,,,,,,,,,,,
1226,,,,,,,,,,,,,,,,,,
1227,,,,,,,,,,,,,,,,,,
1228,,,,,,,,,,,,,,,,,,
1229,,,,,,,,,,,,,,,,,,
1230,,,,,,,,,,,,,,,,,,
1231,,,,,,,,,,,,,,,,,,
1232,,,,,,,,,,,,,,,,,,
1233,,,,,,,,,,,,,,,,,,
1234,,,,,,,,,,,,,,,,,,
1235,,,,,,,,,,,,,,,,,,
1236,,,,,,,,,,,,,,,,,,
1237,,,,,,,,,,,,,,,,,,
1238,,,,,,,,,,,,,,,,,,
1239,,,,,,,,,,,,,,,,,,
1240,,,,,,,,,,,,,,,,,,
1241,,,,,,,,,,,,,,,,,,
1242,,,,,,,,,,,,,,,,,,
1243,,,,,,,,,,,,,,,,,,
1244,,,,,,,,,,,,,,,,,,
1245,,,,,,,,,,,,,,,,,,
1246,,,,,,,,,,,,,,,,,,
1247,,,,,,,,,,,,,,,,,,
1248,,,,,,,,,,,,,,,,,,
1249,,,,,,,,,,,,,,,,,,
1250,,,,,,,,,,,,,,,,,,
1251,,,,,,,,,,,,,,,,,,
1252,,,,,,,,,,,,,,,,,,
1253,,,,,,,,,,,,,,,,,,
1254,,,,,,,,,,,,,,,,,,
1255,,,,,,,,,,,,,,,,,,
1256,,,,,,,,,,,,,,,,,,
1257,,,,,,,,,,,,,,,,,,
1258,,,,,,,,,,,,,,,,,,
1259,,,,,,,,,,,,,,,,,,
1260,,,,,,,,,,,,,,,,,,
1261,,,,,,,,,,,,,,,,,,
1262,,,,,,,,,,,,,,,,,,
1263,,,,,,,,,,,,,,,,,,
1264,,,,,,,,,,,,,,,,,,
1265,,,,,,,,,,,,,,,,,,
1266,,,,,,,,,,,,,,,,,,
1267,,,,,,,,,,,,,,,,,,
1268,,,,,,,,,,,,,,,,,,
1269,,,,,,,,,,,,,,,,,,
1270,,,,,,,,,,,,,,,,,,
1271,,,,,,,,,,,,,,,,,,
1272,,,,,,,,,,,,,,,,,,
1273,,,,,,,,,,,,,,,,,,
1274,,,,,,,,,,,,,,,,,,
1275,,,,,,,,,,,,,,,,,,
1276,,,,,,,,,,,,,,,,,,
1277,,,,,,,,,,,,,,,,,,
1278,,,,,,,,,,,,,,,,,,
1279,,,,,,,,,,,,,,,,,,
1280,,,,,,,,,,,,,,,,,,
1281,,,,,,,,,,,,,,,,,,
1282,,,,,,,,,,,,,,,,,,
1283,,,,,,,,,,,,,,,,,,
1284,,,,,,,,,,,,,,,,,,
1285,,,,,,,,,,,,,,,,,,
1286,,,,,,,,,,,,,,,,,,
1287,,,,,,,,,,,,,,,,,,
1288,,,,,,,,,,,,,,,,,,
1289,,,,,,,,,,,,,,,,,,
1290,,,,,,,,,,,,,,,,,,
1291,,,,,,,,,,,,,,,,,,
1292,,,,,,,,,,,,,,,,,,
1293,,,,,,,,,,,,,,,,,,
1294,,,,,,,,,,,,,,,,,,
1295,,,,,,,,,,,,,,,,,,
1296,,,,,,,,,,,,,,,,,,
1297,,,,,,,,,,,,,,,,,,
1298,,,,,,,,,,,,,,,,,,
1299,,,,,,,,,,,,,,,,,,
1300,,,,,,,,,,,,,,,,,,
1301,,,,,,,,,,,,,,,,,,
1302,,,,,,,,,,,,,,,,,,
1303,,,,,,,,,,,,,,,,,,
1304,,,,,,,,,,,,,,,,,,
1305,,,,,,,,,,,,,,,,,,
1306,,,,,,,,,,,,,,,,,,
1307,,,,,,,,,,,,,,,,,,
1308,,,,,,,,,,,,,,,,,,
1309,,,,,,,,,,,,,,,,,,
1310,,,,,,,,,,,,,,,,,,
1311,,,,,,,,,,,,,,,,,,
1312,,,,,,,,,,,,,,,,,,
1313,,,,,,,,,,,,,,,,,,
1314,,,,,,,,,,,,,,,,,,
1315,,,,,,,,,,,,,,,,,,
1316,,,,,,,,,,,,,,,,,,
1317,,,,,,,,,,,,,,,,,,
1318,,,,,,,,,,,,,,,,,,
1319,,,,,,,,,,,,,,,,,,
1320,,,,,,,,,,,,,,,,,,
1321,,,,,,,,,,,,,,,,,,
1322,,,,,,,,,,,,,,,,,,
1323,,,,,,,,,,,,,,,,,,
1324,,,,,,,,,,,,,,,,,,
1325,,,,,,,,,,,,,,,,,,
1326,,,,,,,,,,,,,,,,,,
1327,,,,,,,,,,,,,,,,,,
1328,,,,,,,,,,,,,,,,,,
1329,,,,,,,,,,,,,,,,,,
1330,,,,,,,,,,,,,,,,,,
1331,,,,,,,,,,,,,,,,,,
1332,,,,,,,,,,,,,,,,,,
1333,,,,,,,,,,,,,,,,,,
1334,,,,,,,,,,,,,,,,,,
1335,,,,,,,,,,,,,,,,,,
